id_img,label
8,happy
20,neutral
21,fear
23,sad
30,happy
38,angry
41,happy
44,neutral
51,neutral
60,neutral
62,happy
65,sad
70,neutral
73,fear
78,surprise
80,happy
85,neutral
98,neutral
101,neutral
112,neutral
115,sad
131,fear
135,angry
139,happy
141,happy
148,angry
157,fear
167,happy
172,sad
176,surprise
187,happy
192,fear
196,happy
200,sad
201,sad
210,happy
213,happy
217,neutral
224,surprise
231,sad
245,neutral
247,happy
249,neutral
251,surprise
256,surprise
258,sad
259,fear
264,sad
270,fear
273,sad
276,surprise
297,happy
298,angry
312,fear
314,fear
325,happy
330,surprise
331,happy
333,happy
336,surprise
338,sad
340,sad
341,fear
350,sad
356,happy
359,sad
365,angry
366,happy
370,angry
377,sad
404,sad
405,neutral
413,surprise
414,fear
418,angry
422,sad
435,surprise
438,surprise
440,happy
446,happy
449,surprise
452,happy
454,sad
460,fear
478,happy
483,sad
485,happy
487,happy
500,sad
504,sad
505,sad
507,surprise
508,surprise
518,surprise
521,sad
527,happy
531,happy
533,fear
538,fear
541,neutral
542,neutral
546,angry
547,neutral
551,sad
553,happy
568,happy
573,disgust
580,sad
584,happy
589,happy
594,happy
596,happy
601,happy
608,sad
613,neutral
615,sad
620,happy
624,sad
628,neutral
629,happy
633,fear
639,sad
644,neutral
647,sad
649,neutral
651,neutral
654,neutral
655,happy
657,happy
659,happy
662,neutral
665,neutral
670,surprise
673,neutral
674,happy
675,surprise
676,neutral
680,neutral
681,happy
688,fear
689,happy
690,happy
692,surprise
693,happy
712,happy
721,happy
726,sad
727,sad
729,sad
738,happy
741,neutral
759,angry
761,sad
764,neutral
766,sad
767,neutral
774,happy
783,surprise
788,happy
794,neutral
798,surprise
800,neutral
807,neutral
816,happy
817,happy
822,fear
838,neutral
841,neutral
842,sad
843,surprise
854,angry
855,neutral
856,happy
859,fear
861,angry
867,fear
872,fear
873,happy
880,angry
886,angry
891,sad
895,happy
897,happy
898,happy
906,happy
911,angry
913,angry
915,neutral
917,happy
922,happy
942,happy
947,surprise
949,sad
951,happy
966,angry
973,happy
977,sad
987,fear
993,surprise
1003,happy
1008,fear
1020,happy
1022,neutral
1024,happy
1026,sad
1027,happy
1033,surprise
1045,happy
1056,surprise
1058,happy
1071,angry
1074,happy
1075,sad
1078,fear
1079,sad
1081,happy
1093,neutral
1094,sad
1101,neutral
1106,neutral
1107,neutral
1111,happy
1115,neutral
1116,angry
1118,surprise
1121,happy
1124,angry
1126,happy
1127,fear
1128,surprise
1130,angry
1133,sad
1137,neutral
1141,happy
1142,neutral
1148,sad
1152,happy
1154,neutral
1156,surprise
1159,surprise
1169,neutral
1173,happy
1176,fear
1177,angry
1189,neutral
1193,surprise
1198,neutral
1202,happy
1206,angry
1215,neutral
1220,neutral
1222,neutral
1227,neutral
1235,angry
1239,surprise
1246,happy
1248,sad
1249,surprise
1264,happy
1298,neutral
1300,happy
1309,happy
1313,neutral
1316,happy
1325,neutral
1328,angry
1334,happy
1336,neutral
1339,neutral
1340,angry
1341,happy
1343,angry
1350,sad
1353,sad
1358,sad
1364,happy
1367,fear
1376,surprise
1381,happy
1386,surprise
1389,sad
1395,fear
1401,sad
1407,neutral
1410,surprise
1411,neutral
1420,sad
1422,fear
1429,fear
1438,neutral
1441,sad
1449,happy
1457,surprise
1460,sad
1465,angry
1474,happy
1477,sad
1482,neutral
1485,fear
1491,happy
1493,happy
1506,happy
1508,neutral
1512,happy
1515,fear
1534,angry
1536,happy
1538,happy
1549,sad
1555,neutral
1560,fear
1572,sad
1575,angry
1576,neutral
1582,neutral
1583,fear
1584,angry
1599,neutral
1606,fear
1628,happy
1640,happy
1645,neutral
1654,happy
1656,neutral
1657,sad
1660,fear
1669,happy
1670,happy
1672,neutral
1675,neutral
1678,sad
1683,happy
1685,angry
1688,neutral
1699,happy
1704,sad
1707,happy
1710,surprise
1716,happy
1717,angry
1722,surprise
1727,happy
1735,surprise
1736,fear
1737,neutral
1738,surprise
1750,fear
1751,neutral
1756,neutral
1759,neutral
1764,surprise
1768,happy
1770,happy
1772,neutral
1778,sad
1785,fear
1787,fear
1793,happy
1796,neutral
1799,neutral
1800,surprise
1815,happy
1819,neutral
1825,angry
1830,neutral
1835,happy
1838,fear
1841,angry
1843,fear
1854,sad
1857,neutral
1864,surprise
1869,happy
1873,surprise
1874,happy
1880,angry
1887,happy
1891,neutral
1892,neutral
1896,sad
1897,neutral
1899,angry
1908,fear
1911,surprise
1914,surprise
1919,happy
1920,happy
1926,sad
1929,fear
1931,sad
1937,sad
1938,happy
1939,neutral
1945,surprise
1952,neutral
1953,happy
1966,angry
1972,neutral
1973,sad
1974,happy
1983,fear
1986,fear
1988,angry
1992,surprise
1994,happy
2001,happy
2006,fear
2012,happy
2019,happy
2039,sad
2044,neutral
2047,sad
2050,angry
2053,neutral
2055,angry
2058,happy
2064,happy
2068,neutral
2069,happy
2084,sad
2090,fear
2091,surprise
2098,angry
2114,fear
2117,surprise
2119,surprise
2120,sad
2122,happy
2133,neutral
2135,happy
2137,happy
2142,neutral
2146,happy
2149,neutral
2152,fear
2156,neutral
2157,happy
2159,happy
2168,surprise
2172,happy
2173,surprise
2176,sad
2178,surprise
2182,angry
2184,happy
2194,sad
2195,surprise
2200,surprise
2204,happy
2207,neutral
2216,happy
2223,neutral
2225,sad
2226,fear
2227,neutral
2228,surprise
2231,happy
2234,surprise
2238,sad
2239,neutral
2256,sad
2273,sad
2275,fear
2278,angry
2279,neutral
2282,happy
2284,happy
2287,happy
2290,fear
2293,happy
2303,sad
2305,happy
2307,happy
2308,happy
2312,happy
2324,angry
2327,happy
2350,happy
2357,angry
2367,neutral
2374,happy
2377,happy
2378,fear
2391,fear
2403,happy
2407,neutral
2411,sad
2412,sad
2416,sad
2418,neutral
2421,happy
2424,happy
2426,surprise
2427,fear
2431,angry
2436,neutral
2443,angry
2448,happy
2450,happy
2451,sad
2458,happy
2461,surprise
2472,happy
2476,sad
2478,sad
2483,happy
2484,angry
2485,happy
2486,happy
2487,angry
2492,happy
2496,neutral
2498,sad
2499,neutral
2502,sad
2510,neutral
2511,angry
2529,surprise
2530,neutral
2533,fear
2535,happy
2539,happy
2546,sad
2554,happy
2556,happy
2557,angry
2558,angry
2559,happy
2564,happy
2565,sad
2581,neutral
2588,happy
2592,neutral
2593,happy
2603,sad
2611,happy
2613,neutral
2615,sad
2619,surprise
2620,happy
2629,happy
2633,sad
2634,happy
2635,sad
2640,happy
2641,fear
2649,happy
2651,sad
2655,happy
2657,neutral
2668,angry
2677,neutral
2678,happy
2681,sad
2690,happy
2699,sad
2709,neutral
2710,neutral
2712,angry
2727,happy
2730,happy
2732,happy
2742,sad
2744,fear
2745,happy
2747,happy
2748,fear
2750,happy
2751,sad
2753,neutral
2754,happy
2758,surprise
2759,surprise
2761,neutral
2762,angry
2770,angry
2771,happy
2774,happy
2785,angry
2788,neutral
2789,sad
2790,happy
2791,angry
2792,angry
2796,happy
2803,angry
2805,happy
2806,happy
2810,happy
2816,happy
2820,happy
2829,neutral
2835,surprise
2837,surprise
2857,happy
2858,sad
2860,fear
2861,happy
2867,happy
2871,neutral
2885,happy
2886,sad
2890,sad
2901,neutral
2902,sad
2906,angry
2913,happy
2914,neutral
2927,neutral
2930,happy
2933,fear
2934,sad
2938,happy
2945,happy
2948,happy
2949,fear
2950,neutral
2953,neutral
2956,surprise
2957,neutral
2962,happy
2965,happy
2978,neutral
2984,neutral
2985,happy
2987,sad
2988,surprise
2995,fear
2998,neutral
3000,happy
3002,surprise
3007,neutral
3010,happy
3012,sad
3016,happy
3021,angry
3022,happy
3024,happy
3029,happy
3036,fear
3050,neutral
3051,neutral
3056,neutral
3057,sad
3059,sad
3069,happy
3075,sad
3077,happy
3083,happy
3084,happy
3086,happy
3087,sad
3088,angry
3094,neutral
3099,sad
3101,happy
3106,happy
3112,fear
3115,neutral
3117,happy
3118,sad
3120,happy
3121,neutral
3123,neutral
3124,fear
3131,happy
3132,happy
3137,angry
3138,happy
3139,neutral
3144,happy
3146,happy
3157,surprise
3162,happy
3169,sad
3170,surprise
3174,neutral
3176,neutral
3182,happy
3186,angry
3187,sad
3188,happy
3191,neutral
3204,neutral
3206,happy
3209,happy
3215,sad
3221,neutral
3223,surprise
3224,surprise
3226,angry
3235,neutral
3245,happy
3247,sad
3248,happy
3250,happy
3260,fear
3263,happy
3269,surprise
3276,happy
3278,happy
3296,fear
3297,sad
3303,angry
3313,happy
3314,fear
3318,sad
3327,fear
3334,sad
3354,surprise
3370,angry
3375,neutral
3377,neutral
3378,sad
3382,angry
3391,angry
3392,happy
3393,neutral
3395,sad
3402,neutral
3403,happy
3404,neutral
3409,angry
3410,neutral
3411,fear
3412,angry
3414,happy
3422,happy
3423,surprise
3431,happy
3433,angry
3445,neutral
3447,sad
3449,angry
3452,happy
3465,happy
3467,fear
3472,neutral
3477,neutral
3492,neutral
3502,sad
3506,sad
3508,sad
3518,sad
3521,fear
3522,happy
3535,sad
3537,neutral
3538,happy
3543,happy
3546,neutral
3558,angry
3564,happy
3565,surprise
3566,neutral
3570,happy
3574,sad
3575,sad
3584,neutral
3590,happy
3599,sad
3600,neutral
3601,neutral
3603,surprise
3607,fear
3610,sad
3632,sad
3634,neutral
3635,fear
3645,sad
3647,neutral
3653,sad
3661,neutral
3662,happy
3663,happy
3675,surprise
3690,fear
3691,fear
3700,neutral
3709,surprise
3714,neutral
3719,sad
3722,angry
3729,neutral
3731,angry
3736,neutral
3739,sad
3742,neutral
3755,happy
3756,fear
3763,happy
3765,surprise
3766,happy
3767,sad
3772,happy
3778,disgust
3783,neutral
3785,neutral
3792,happy
3795,happy
3802,happy
3811,happy
3818,happy
3819,neutral
3825,neutral
3836,happy
3837,sad
3839,happy
3842,happy
3855,neutral
3858,surprise
3862,neutral
3869,sad
3870,happy
3874,happy
3875,happy
3878,happy
3891,angry
3899,neutral
3906,happy
3909,neutral
3913,angry
3922,sad
3925,surprise
3929,neutral
3932,sad
3951,sad
3953,neutral
3958,angry
3959,neutral
3969,happy
3972,sad
3977,happy
3978,happy
3982,fear
3985,happy
3986,neutral
3988,happy
4002,sad
4004,sad
4015,neutral
4029,happy
4033,fear
4036,surprise
4040,fear
4041,happy
4060,neutral
4062,neutral
4064,sad
4072,fear
4076,surprise
4077,angry
4080,neutral
4084,happy
4086,surprise
4090,happy
4094,happy
4098,neutral
4100,happy
4107,happy
4114,surprise
4124,neutral
4130,neutral
4133,happy
4137,neutral
4156,neutral
4159,happy
4165,happy
4169,happy
4174,happy
4182,happy
4185,sad
4194,sad
4196,sad
4199,fear
4200,surprise
4207,sad
4217,sad
4223,neutral
4226,sad
4229,happy
4233,neutral
4234,neutral
4242,happy
4243,surprise
4248,happy
4264,happy
4265,fear
4269,happy
4274,fear
4284,happy
4289,happy
4295,happy
4296,sad
4306,angry
4308,fear
4312,angry
4314,angry
4316,fear
4317,neutral
4324,angry
4328,neutral
4339,neutral
4340,fear
4345,surprise
4347,surprise
4349,neutral
4352,sad
4363,happy
4366,neutral
4372,neutral
4380,neutral
4381,angry
4384,angry
4389,neutral
4390,surprise
4394,happy
4396,surprise
4397,sad
4411,fear
4412,neutral
4415,neutral
4431,surprise
4433,happy
4441,angry
4443,neutral
4449,neutral
4453,fear
4459,sad
4468,happy
4480,happy
4481,happy
4482,sad
4485,happy
4486,happy
4492,happy
4502,fear
4506,happy
4513,surprise
4516,fear
4523,fear
4526,happy
4534,neutral
4536,surprise
4540,neutral
4547,angry
4549,happy
4552,sad
4553,happy
4558,happy
4563,neutral
4570,happy
4572,happy
4573,neutral
4574,angry
4576,happy
4579,neutral
4580,happy
4589,happy
4594,neutral
4596,sad
4606,happy
4607,happy
4615,neutral
4616,angry
4620,happy
4621,surprise
4624,sad
4634,happy
4636,surprise
4637,neutral
4640,happy
4649,happy
4650,surprise
4653,happy
4657,happy
4660,neutral
4665,angry
4666,neutral
4670,sad
4672,sad
4685,surprise
4697,happy
4698,surprise
4700,happy
4714,fear
4734,neutral
4736,surprise
4737,angry
4748,neutral
4751,fear
4752,fear
4764,sad
4770,neutral
4771,neutral
4777,neutral
4786,happy
4791,happy
4793,neutral
4797,surprise
4802,neutral
4803,happy
4807,surprise
4811,fear
4814,happy
4821,fear
4825,happy
4827,happy
4829,neutral
4832,happy
4849,happy
4858,surprise
4860,sad
4868,neutral
4870,neutral
4878,angry
4883,neutral
4888,sad
4895,surprise
4901,happy
4910,happy
4912,fear
4917,neutral
4935,happy
4937,sad
4940,sad
4948,happy
4951,angry
4953,neutral
4958,happy
4975,surprise
4979,fear
4980,happy
4986,fear
4987,neutral
4988,happy
4996,happy
4998,angry
5004,sad
5006,happy
5008,happy
5010,angry
5023,neutral
5037,surprise
5046,neutral
5048,happy
5053,neutral
5055,happy
5056,sad
5058,happy
5060,happy
5061,fear
5062,happy
5064,neutral
5073,neutral
5074,neutral
5077,surprise
5085,angry
5087,happy
5089,happy
5097,happy
5100,neutral
5101,sad
5102,happy
5107,happy
5110,happy
5116,happy
5117,angry
5127,happy
5138,surprise
5147,neutral
5154,neutral
5166,neutral
5170,neutral
5176,happy
5177,sad
5178,surprise
5184,sad
5186,neutral
5209,happy
5220,surprise
5222,surprise
5224,sad
5229,fear
5233,angry
5244,sad
5253,surprise
5258,neutral
5259,neutral
5263,fear
5264,happy
5267,happy
5269,happy
5278,happy
5279,happy
5283,sad
5289,happy
5293,sad
5303,happy
5310,surprise
5312,sad
5317,fear
5318,happy
5323,neutral
5340,happy
5345,neutral
5356,happy
5360,fear
5361,neutral
5374,sad
5375,surprise
5385,angry
5400,happy
5417,happy
5419,fear
5422,surprise
5432,sad
5434,fear
5435,sad
5444,happy
5445,happy
5446,sad
5449,happy
5450,happy
5452,happy
5459,angry
5466,neutral
5468,happy
5472,sad
5477,happy
5490,happy
5493,happy
5513,surprise
5514,surprise
5519,sad
5523,happy
5527,neutral
5530,surprise
5536,neutral
5548,happy
5549,neutral
5558,sad
5560,neutral
5561,neutral
5564,fear
5567,sad
5570,surprise
5582,sad
5591,neutral
5594,happy
5595,surprise
5607,sad
5610,neutral
5618,happy
5622,fear
5629,neutral
5636,surprise
5637,angry
5638,neutral
5642,sad
5651,neutral
5654,sad
5664,surprise
5674,happy
5687,neutral
5689,happy
5694,happy
5695,neutral
5705,happy
5706,fear
5708,neutral
5710,sad
5713,happy
5714,happy
5715,neutral
5717,neutral
5719,happy
5724,neutral
5732,angry
5736,surprise
5739,fear
5748,neutral
5749,neutral
5753,happy
5766,neutral
5771,surprise
5778,fear
5780,surprise
5783,happy
5784,happy
5792,neutral
5797,happy
5800,happy
5807,happy
5809,surprise
5810,fear
5811,neutral
5812,happy
5822,angry
5831,angry
5835,happy
5836,fear
5853,neutral
5855,fear
5857,happy
5858,sad
5859,sad
5865,happy
5883,angry
5888,sad
5891,happy
5893,happy
5902,fear
5904,happy
5910,fear
5912,fear
5919,happy
5931,sad
5938,surprise
5942,happy
5943,surprise
5953,sad
5954,happy
5957,angry
5961,sad
5962,fear
5968,surprise
5976,happy
5977,happy
5984,neutral
5988,happy
5989,happy
5992,neutral
5995,fear
5997,surprise
6009,angry
6017,angry
6025,sad
6029,happy
6033,angry
6035,neutral
6037,fear
6045,happy
6046,surprise
6050,surprise
6052,happy
6054,sad
6059,surprise
6062,angry
6064,surprise
6075,angry
6078,neutral
6088,angry
6091,fear
6095,happy
6103,neutral
6106,neutral
6109,sad
6110,happy
6119,angry
6123,happy
6129,angry
6136,sad
6137,sad
6149,fear
6152,neutral
6153,neutral
6155,neutral
6158,neutral
6167,surprise
6169,happy
6175,happy
6176,angry
6179,fear
6180,neutral
6183,happy
6184,neutral
6187,angry
6193,neutral
6206,happy
6214,fear
6215,sad
6216,surprise
6217,happy
6219,surprise
6225,fear
6231,angry
6232,sad
6236,neutral
6246,happy
6247,happy
6265,happy
6272,happy
6274,angry
6278,angry
6283,angry
6304,sad
6309,surprise
6311,angry
6312,sad
6321,neutral
6343,neutral
6345,neutral
6346,happy
6347,angry
6351,neutral
6353,neutral
6360,surprise
6364,angry
6365,angry
6366,surprise
6368,happy
6375,angry
6378,happy
6388,neutral
6390,angry
6394,happy
6397,happy
6400,fear
6403,happy
6410,surprise
6412,sad
6415,surprise
6416,happy
6420,fear
6425,surprise
6426,sad
6427,surprise
6444,happy
6449,sad
6457,happy
6459,neutral
6467,sad
6469,happy
6471,fear
6473,happy
6484,angry
6492,angry
6495,sad
6500,happy
6502,neutral
6515,angry
6518,surprise
6521,neutral
6522,happy
6527,neutral
6529,sad
6532,sad
6547,happy
6551,neutral
6555,neutral
6557,neutral
6561,angry
6563,sad
6566,fear
6577,happy
6580,angry
6581,angry
6584,surprise
6598,surprise
6599,neutral
6603,surprise
6608,fear
6616,neutral
6618,angry
6621,sad
6645,sad
6647,surprise
6652,angry
6660,sad
6664,sad
6677,happy
6686,happy
6689,happy
6691,happy
6700,happy
6703,neutral
6710,sad
6711,surprise
6716,fear
6720,neutral
6726,angry
6732,angry
6735,sad
6739,angry
6744,neutral
6745,neutral
6747,neutral
6759,happy
6766,angry
6771,sad
6776,angry
6784,happy
6792,sad
6797,fear
6808,fear
6809,happy
6811,happy
6813,neutral
6814,sad
6818,happy
6833,sad
6836,sad
6842,neutral
6860,sad
6865,happy
6869,neutral
6876,sad
6877,fear
6890,neutral
6891,neutral
6897,sad
6901,happy
6902,happy
6904,fear
6909,fear
6914,happy
6915,fear
6923,angry
6926,sad
6928,surprise
6930,fear
6934,neutral
6935,happy
6955,angry
6957,angry
6960,sad
6964,sad
6965,neutral
6966,surprise
6973,fear
6977,happy
6988,fear
6989,happy
7008,sad
7009,neutral
7015,fear
7017,neutral
7020,happy
7024,angry
7026,happy
7027,sad
7029,happy
7030,happy
7032,happy
7037,sad
7038,fear
7039,sad
7056,angry
7065,happy
7068,fear
7077,neutral
7080,happy
7092,fear
7100,happy
7102,sad
7103,sad
7110,happy
7116,happy
7119,sad
7121,neutral
7129,angry
7131,neutral
7136,fear
7146,sad
7150,angry
7153,surprise
7158,sad
7159,happy
7162,happy
7165,happy
7174,angry
7182,fear
7191,happy
7192,angry
7198,neutral
7200,happy
7203,surprise
7211,surprise
7219,neutral
7220,neutral
7232,fear
7239,neutral
7244,happy
7245,happy
7253,sad
7254,neutral
7257,angry
7261,fear
7268,neutral
7270,fear
7271,neutral
7273,neutral
7274,sad
7275,sad
7284,angry
7287,sad
7291,happy
7292,sad
7299,happy
7301,happy
7302,surprise
7305,fear
7333,happy
7335,happy
7337,sad
7348,neutral
7350,surprise
7361,sad
7366,happy
7371,happy
7376,neutral
7379,happy
7392,happy
7394,neutral
7398,neutral
7400,surprise
7405,angry
7406,neutral
7409,angry
7413,happy
7425,sad
7430,happy
7441,happy
7455,happy
7459,surprise
7462,sad
7466,neutral
7475,neutral
7490,sad
7492,sad
7502,fear
7511,sad
7512,angry
7517,angry
7531,happy
7532,happy
7536,happy
7537,fear
7542,surprise
7548,happy
7550,happy
7551,happy
7559,sad
7561,neutral
7562,surprise
7566,angry
7569,neutral
7571,neutral
7580,neutral
7582,surprise
7588,neutral
7589,happy
7590,happy
7592,happy
7599,neutral
7603,happy
7618,sad
7623,sad
7626,surprise
7630,happy
7655,angry
7659,angry
7664,happy
7668,neutral
7672,happy
7674,happy
7675,sad
7679,sad
7680,happy
7681,surprise
7684,neutral
7700,happy
7702,happy
7712,happy
7713,happy
7717,neutral
7724,happy
7729,happy
7737,happy
7748,angry
7749,fear
7753,happy
7755,neutral
7756,neutral
7761,surprise
7762,happy
7765,sad
7772,neutral
7773,neutral
7774,happy
7776,surprise
7777,neutral
7786,fear
7788,sad
7793,sad
7804,happy
7806,neutral
7811,sad
7813,happy
7815,happy
7819,sad
7823,sad
7827,happy
7831,neutral
7835,disgust
7845,happy
7846,neutral
7848,sad
7865,surprise
7871,happy
7874,surprise
7875,happy
7877,sad
7878,neutral
7881,happy
7886,happy
7892,sad
7894,neutral
7903,neutral
7905,happy
7916,happy
7919,sad
7926,surprise
7932,neutral
7937,happy
7943,neutral
7948,neutral
7953,angry
7957,happy
7962,sad
7963,angry
7975,happy
7976,fear
7979,angry
7980,angry
7986,happy
8000,angry
8001,angry
8003,happy
8016,surprise
8020,happy
8021,neutral
8027,neutral
8034,happy
8035,fear
8039,sad
8040,fear
8042,surprise
8043,sad
8049,happy
8052,angry
8054,neutral
8056,happy
8063,surprise
8065,happy
8067,happy
8076,neutral
8082,happy
8083,neutral
8086,happy
8089,happy
8096,neutral
8098,sad
8099,neutral
8102,sad
8103,neutral
8105,neutral
8115,surprise
8119,sad
8130,surprise
8137,surprise
8141,neutral
8143,surprise
8146,neutral
8151,angry
8163,neutral
8164,sad
8173,surprise
8177,happy
8178,sad
8179,neutral
8188,happy
8197,happy
8203,neutral
8211,happy
8216,sad
8223,sad
8228,happy
8233,neutral
8238,happy
8239,happy
8240,happy
8247,neutral
8252,sad
8262,neutral
8264,angry
8266,happy
8267,neutral
8268,happy
8275,angry
8276,happy
8280,neutral
8284,happy
8293,happy
8295,neutral
8299,angry
8301,happy
8303,happy
8309,happy
8316,happy
8322,happy
8329,surprise
8331,happy
8333,sad
8334,happy
8338,happy
8347,happy
8350,fear
8352,neutral
8355,happy
8373,neutral
8389,neutral
8390,neutral
8392,neutral
8402,fear
8404,surprise
8410,happy
8415,happy
8421,surprise
8424,happy
8430,sad
8433,sad
8434,happy
8439,surprise
8449,happy
8454,sad
8457,happy
8471,sad
8473,happy
8474,angry
8478,happy
8481,neutral
8483,sad
8489,surprise
8498,neutral
8516,neutral
8525,angry
8536,neutral
8539,happy
8548,happy
8555,neutral
8556,angry
8559,happy
8580,neutral
8581,sad
8585,disgust
8593,angry
8599,fear
8611,happy
8614,fear
8637,fear
8639,sad
8645,surprise
8649,sad
8657,surprise
8659,sad
8661,neutral
8662,happy
8672,fear
8677,happy
8682,happy
8685,angry
8687,neutral
8691,surprise
8694,neutral
8702,neutral
8704,happy
8718,fear
8719,fear
8724,neutral
8726,fear
8734,happy
8736,happy
8738,sad
8753,happy
8754,fear
8756,neutral
8761,sad
8762,happy
8763,fear
8768,happy
8782,sad
8788,neutral
8795,happy
8797,happy
8802,sad
8814,happy
8818,surprise
8820,happy
8834,neutral
8837,surprise
8842,sad
8851,happy
8861,happy
8862,fear
8863,fear
8864,happy
8868,happy
8876,sad
8880,happy
8886,happy
8892,angry
8893,sad
8902,angry
8915,happy
8916,neutral
8919,neutral
8925,sad
8928,surprise
8940,angry
8946,neutral
8948,sad
8953,sad
8955,sad
8958,happy
8960,happy
8969,neutral
8973,surprise
8976,neutral
8980,neutral
8993,happy
9005,happy
9006,neutral
9011,neutral
9012,angry
9016,neutral
9017,surprise
9021,fear
9028,sad
9037,surprise
9040,surprise
9043,sad
9046,neutral
9050,happy
9059,neutral
9060,happy
9066,sad
9069,neutral
9070,happy
9071,happy
9073,sad
9082,sad
9085,happy
9087,sad
9094,happy
9099,neutral
9100,angry
9101,fear
9118,surprise
9119,neutral
9128,neutral
9141,surprise
9142,happy
9147,happy
9149,neutral
9152,happy
9156,fear
9162,surprise
9167,happy
9170,neutral
9171,sad
9174,happy
9179,neutral
9180,happy
9202,happy
9205,fear
9206,happy
9209,sad
9219,sad
9221,happy
9222,happy
9232,fear
9235,neutral
9238,angry
9246,sad
9251,surprise
9252,neutral
9261,neutral
9266,surprise
9267,sad
9272,angry
9273,happy
9276,neutral
9281,sad
9286,happy
9288,neutral
9292,neutral
9293,fear
9297,angry
9302,sad
9309,surprise
9324,neutral
9327,happy
9331,angry
9333,happy
9335,neutral
9338,neutral
9355,happy
9356,neutral
9360,neutral
9367,surprise
9369,surprise
9370,angry
9371,happy
9380,angry
9381,sad
9387,sad
9392,happy
9400,fear
9405,sad
9412,happy
9415,neutral
9416,happy
9420,neutral
9434,neutral
9437,happy
9442,happy
9450,sad
9453,neutral
9454,sad
9457,neutral
9459,happy
9460,happy
9463,sad
9465,neutral
9467,neutral
9473,happy
9474,sad
9476,happy
9477,neutral
9486,happy
9498,happy
9499,surprise
9504,sad
9507,neutral
9508,sad
9538,happy
9541,fear
9542,neutral
9543,neutral
9546,fear
9548,happy
9560,angry
9567,surprise
9570,happy
9571,happy
9598,neutral
9599,happy
9602,angry
9605,happy
9606,fear
9611,fear
9615,angry
9630,surprise
9640,happy
9644,neutral
9681,surprise
9687,happy
9689,happy
9691,sad
9693,sad
9698,neutral
9701,surprise
9712,fear
9713,neutral
9715,angry
9718,neutral
9748,fear
9769,sad
9773,neutral
9774,happy
9776,happy
9785,angry
9786,happy
9800,happy
9802,happy
9803,sad
9806,surprise
9811,neutral
9830,happy
9833,happy
9838,happy
9841,sad
9842,angry
9845,happy
9853,surprise
9862,neutral
9864,sad
9865,happy
9867,neutral
9874,neutral
9878,happy
9884,sad
9885,sad
9889,neutral
9890,happy
9893,happy
9897,sad
9898,angry
9901,angry
9923,sad
9931,angry
9933,angry
9936,neutral
9975,happy
9977,happy
9979,happy
9982,happy
9984,neutral
9993,happy
10004,angry
10019,happy
10023,fear
10029,sad
10031,neutral
10033,neutral
10043,happy
10044,happy
10048,happy
10052,happy
10053,sad
10056,surprise
10065,fear
10068,neutral
10073,sad
10074,happy
10079,angry
10095,sad
10096,happy
10097,neutral
10099,neutral
10106,happy
10114,fear
10116,fear
10117,happy
10118,sad
10121,angry
10126,happy
10134,neutral
10138,happy
10141,surprise
10148,angry
10150,happy
10162,surprise
10163,happy
10171,neutral
10172,fear
10176,happy
10185,surprise
10189,fear
10215,angry
10218,happy
10237,happy
10246,neutral
10247,neutral
10248,happy
10252,sad
10257,happy
10259,surprise
10263,neutral
10266,neutral
10267,fear
10268,happy
10273,neutral
10276,happy
10278,angry
10286,neutral
10292,neutral
10306,surprise
10312,happy
10315,fear
10317,happy
10336,happy
10338,fear
10339,sad
10344,happy
10346,angry
10352,sad
10355,fear
10362,happy
10365,surprise
10367,happy
10370,happy
10371,angry
10372,surprise
10375,happy
10382,angry
10383,sad
10386,sad
10399,sad
10406,neutral
10409,happy
10415,neutral
10423,neutral
10425,neutral
10426,angry
10432,happy
10435,fear
10437,sad
10443,sad
10444,surprise
10445,neutral
10455,sad
10456,surprise
10458,sad
10467,happy
10468,surprise
10480,happy
10489,surprise
10493,surprise
10512,neutral
10518,neutral
10528,happy
10532,neutral
10533,neutral
10534,surprise
10535,neutral
10540,happy
10545,surprise
10549,neutral
10551,sad
10552,happy
10554,angry
10561,sad
10571,fear
10583,neutral
10607,sad
10620,sad
10622,happy
10624,neutral
10625,fear
10634,fear
10638,neutral
10640,happy
10644,happy
10647,sad
10653,neutral
10655,neutral
10676,neutral
10683,happy
10686,neutral
10693,neutral
10694,fear
10699,angry
10701,surprise
10702,neutral
10703,happy
10713,happy
10715,angry
10734,surprise
10741,neutral
10743,angry
10746,neutral
10755,happy
10758,sad
10768,surprise
10769,sad
10770,happy
10773,happy
10774,neutral
10787,happy
10792,fear
10797,surprise
10800,surprise
10811,happy
10813,fear
10818,happy
10820,surprise
10823,neutral
10825,neutral
10832,neutral
10837,surprise
10839,happy
10841,happy
10854,angry
10866,surprise
10871,sad
10879,fear
10881,sad
10902,neutral
10903,happy
10906,neutral
10909,surprise
10916,neutral
10919,fear
10926,neutral
10931,neutral
10933,angry
10935,happy
10944,neutral
10950,surprise
10956,happy
10968,neutral
10970,neutral
10979,fear
10992,happy
11000,fear
11002,neutral
11017,angry
11019,happy
11022,neutral
11024,neutral
11025,sad
11026,sad
11028,sad
11030,fear
11031,sad
11032,surprise
11034,sad
11036,angry
11038,sad
11039,neutral
11043,surprise
11054,surprise
11055,neutral
11057,neutral
11065,sad
11075,angry
11093,happy
11096,fear
11098,neutral
11100,neutral
11104,sad
11108,neutral
11112,fear
11126,fear
11130,sad
11137,surprise
11138,neutral
11139,surprise
11140,sad
11143,neutral
11146,sad
11150,happy
11158,neutral
11163,fear
11168,neutral
11169,happy
11180,happy
11186,angry
11188,surprise
11192,sad
11200,sad
11208,happy
11209,sad
11213,neutral
11218,angry
11222,surprise
11233,neutral
11234,neutral
11236,happy
11241,happy
11251,angry
11264,happy
11266,sad
11269,neutral
11277,sad
11278,sad
11280,sad
11284,fear
11295,happy
11302,surprise
11316,neutral
11317,neutral
11337,neutral
11342,angry
11345,happy
11346,happy
11349,happy
11353,fear
11358,surprise
11360,happy
11381,happy
11390,fear
11392,happy
11395,surprise
11398,sad
11400,sad
11412,angry
11414,surprise
11416,sad
11418,fear
11421,fear
11429,fear
11448,happy
11451,surprise
11462,happy
11466,surprise
11467,neutral
11471,fear
11491,neutral
11500,happy
11508,happy
11516,happy
11518,neutral
11523,sad
11529,disgust
11530,happy
11536,surprise
11549,happy
11552,happy
11558,happy
11559,surprise
11560,neutral
11561,happy
11573,happy
11575,happy
11581,sad
11582,fear
11587,neutral
11588,happy
11589,happy
11594,happy
11601,sad
11603,neutral
11604,happy
11610,angry
11613,angry
11614,happy
11626,angry
11632,neutral
11637,happy
11639,disgust
11640,happy
11642,neutral
11646,happy
11653,fear
11654,neutral
11658,happy
11660,sad
11662,neutral
11670,surprise
11675,neutral
11682,fear
11686,neutral
11687,neutral
11689,neutral
11694,angry
11704,surprise
11706,neutral
11717,happy
11721,surprise
11722,happy
11725,neutral
11727,sad
11729,sad
11733,happy
11738,sad
11746,neutral
11747,neutral
11754,neutral
11763,happy
11766,happy
11772,happy
11774,neutral
11783,sad
11785,happy
11786,neutral
11790,sad
11793,neutral
11794,sad
11808,happy
11813,angry
11814,happy
11816,sad
11818,neutral
11819,happy
11823,angry
11834,neutral
11835,surprise
11836,happy
11841,surprise
11842,happy
11848,surprise
11849,angry
11850,happy
11855,happy
11865,sad
11867,angry
11872,neutral
11875,sad
11876,sad
11880,neutral
11883,fear
11885,happy
11889,neutral
11891,sad
11902,surprise
11904,fear
11909,angry
11913,neutral
11927,happy
11928,neutral
11944,surprise
11949,happy
11964,sad
11966,sad
11968,surprise
11977,neutral
11978,sad
11986,neutral
11999,fear
12011,happy
12024,happy
12040,sad
12042,neutral
12063,neutral
12074,sad
12086,angry
12090,neutral
12092,angry
12096,neutral
12098,angry
12100,sad
12106,neutral
12107,surprise
12113,neutral
12116,sad
12117,neutral
12119,neutral
12120,happy
12125,sad
12129,happy
12131,surprise
12134,surprise
12136,neutral
12141,happy
12144,neutral
12162,sad
12171,sad
12173,neutral
12183,surprise
12190,sad
12191,happy
12202,surprise
12215,sad
12230,angry
12237,neutral
12239,happy
12246,neutral
12255,happy
12257,happy
12259,happy
12267,sad
12272,happy
12284,happy
12289,fear
12307,fear
12312,surprise
12313,fear
12318,fear
12319,neutral
12320,happy
12321,happy
12329,happy
12334,angry
12338,surprise
12349,happy
12350,surprise
12352,neutral
12359,happy
12361,neutral
12363,neutral
12364,neutral
12366,neutral
12376,happy
12379,happy
12381,angry
12383,happy
12407,sad
12410,happy
12417,disgust
12423,neutral
12431,neutral
12440,neutral
12463,surprise
12470,fear
12472,neutral
12487,happy
12489,sad
12492,fear
12496,sad
12497,surprise
12498,sad
12500,sad
12504,surprise
12508,neutral
12512,neutral
12519,happy
12524,sad
12527,fear
12529,neutral
12547,sad
12551,surprise
12557,happy
12560,happy
12567,happy
12569,happy
12578,happy
12581,happy
12591,neutral
12592,fear
12594,fear
12600,happy
12611,happy
12621,sad
12626,surprise
12634,angry
12647,neutral
12648,sad
12659,neutral
12661,sad
12672,happy
12674,sad
12676,angry
12680,angry
12684,happy
12695,neutral
12698,surprise
12702,neutral
12705,sad
12712,neutral
12723,surprise
12725,happy
12729,sad
12733,angry
12737,surprise
12748,surprise
12753,disgust
12758,fear
12768,surprise
12772,happy
12776,happy
12789,happy
12791,neutral
12801,neutral
12808,angry
12809,sad
12810,sad
12818,neutral
12827,sad
12841,angry
12842,neutral
12851,angry
12852,neutral
12861,happy
12869,neutral
12879,neutral
12885,happy
12891,sad
12899,sad
12903,happy
12904,happy
12924,happy
12928,neutral
12933,sad
12936,happy
12945,angry
12948,surprise
12951,happy
12956,happy
12957,happy
12958,neutral
12960,angry
12973,fear
12976,sad
12986,fear
12988,sad
13000,fear
13009,neutral
13027,sad
13029,angry
13037,surprise
13041,surprise
13047,sad
13051,neutral
13057,happy
13059,happy
13067,neutral
13071,fear
13073,happy
13080,surprise
13091,fear
13092,neutral
13101,surprise
13105,happy
13108,sad
13114,sad
13118,angry
13121,angry
13127,neutral
13139,happy
13145,surprise
13150,surprise
13151,sad
13152,fear
13161,sad
13162,sad
13164,neutral
13167,sad
13169,sad
13179,sad
13180,sad
13187,sad
13188,neutral
13203,happy
13204,happy
13205,surprise
13212,happy
13220,neutral
13228,happy
13230,surprise
13233,sad
13237,neutral
13242,neutral
13250,angry
13252,happy
13267,fear
13279,neutral
13283,happy
13288,surprise
13293,fear
13296,sad
13301,surprise
13306,angry
13308,fear
13310,angry
13317,neutral
13322,happy
13334,sad
13337,neutral
13339,sad
13348,happy
13351,sad
13353,happy
13362,sad
13363,happy
13366,happy
13372,fear
13376,neutral
13380,sad
13385,happy
13394,fear
13395,neutral
13405,sad
13409,neutral
13411,neutral
13421,neutral
13424,neutral
13427,happy
13428,neutral
13430,neutral
13431,neutral
13433,fear
13441,neutral
13449,happy
13456,happy
13460,surprise
13467,fear
13476,happy
13482,fear
13483,sad
13486,sad
13488,sad
13498,neutral
13502,happy
13505,happy
13510,sad
13514,sad
13518,sad
13521,surprise
13526,happy
13528,happy
13531,sad
13533,angry
13535,angry
13549,surprise
13561,surprise
13562,sad
13570,happy
13575,fear
13582,fear
13584,happy
13585,angry
13586,angry
13587,fear
13590,happy
13593,sad
13596,fear
13597,angry
13598,angry
13599,sad
13603,sad
13607,angry
13615,neutral
13618,happy
13619,neutral
13622,surprise
13631,neutral
13633,sad
13638,sad
13644,neutral
13652,sad
13653,happy
13655,happy
13664,surprise
13666,sad
13670,happy
13671,neutral
13672,angry
13683,fear
13684,surprise
13692,neutral
13694,surprise
13695,neutral
13703,happy
13706,happy
13714,sad
13715,happy
13726,fear
13738,sad
13740,surprise
13757,happy
13758,neutral
13761,neutral
13792,happy
13793,sad
13798,fear
13800,neutral
13801,sad
13802,happy
13808,neutral
13812,neutral
13825,surprise
13833,happy
13834,happy
13837,surprise
13843,neutral
13847,surprise
13848,happy
13852,sad
13855,fear
13870,sad
13874,happy
13876,surprise
13877,happy
13888,happy
13890,neutral
13897,neutral
13899,neutral
13907,neutral
13909,sad
13911,happy
13912,surprise
13913,angry
13921,sad
13925,happy
13928,surprise
13933,fear
13939,surprise
13940,fear
13955,happy
13965,angry
13968,fear
13969,happy
13971,neutral
13978,surprise
13979,happy
13983,neutral
13991,happy
14011,fear
14022,angry
14030,angry
14033,neutral
14037,neutral
14041,surprise
14044,happy
14047,neutral
14048,sad
14057,happy
14058,sad
14063,happy
14070,sad
14080,surprise
14082,fear
14091,angry
14092,happy
14106,neutral
14108,angry
14113,neutral
14114,sad
14115,surprise
14117,angry
14118,happy
14120,sad
14122,surprise
14127,neutral
14135,neutral
14136,sad
14139,happy
14148,sad
14152,happy
14154,neutral
14155,happy
14169,happy
14170,happy
14174,happy
14175,sad
14185,sad
14187,neutral
14190,happy
14206,angry
14208,happy
14224,happy
14226,angry
14236,happy
14243,happy
14250,neutral
14268,fear
14278,happy
14282,happy
14292,happy
14305,surprise
14306,sad
14310,happy
14314,happy
14315,sad
14327,happy
14329,angry
14331,surprise
14342,neutral
14346,neutral
14348,happy
14352,neutral
14357,angry
14360,happy
14362,angry
14371,happy
14375,sad
14376,neutral
14378,happy
14381,sad
14384,neutral
14388,sad
14406,neutral
14419,fear
14421,angry
14427,happy
14436,neutral
14438,sad
14444,neutral
14448,surprise
14452,fear
14459,fear
14464,neutral
14472,happy
14473,happy
14474,sad
14475,happy
14481,angry
14484,neutral
14487,neutral
14494,sad
14495,neutral
14496,neutral
14498,neutral
14505,sad
14509,fear
14513,neutral
14516,happy
14517,happy
14518,neutral
14522,sad
14524,sad
14529,surprise
14542,neutral
14546,happy
14550,sad
14551,neutral
14557,neutral
14561,sad
14564,happy
14572,sad
14574,happy
14578,sad
14586,neutral
14593,happy
14605,sad
14611,happy
14620,angry
14637,fear
14641,fear
14645,happy
14647,surprise
14671,neutral
14682,sad
14691,surprise
14696,neutral
14697,surprise
14700,happy
14703,neutral
14706,neutral
14717,neutral
14722,fear
14729,sad
14730,happy
14741,neutral
14744,happy
14747,happy
14757,happy
14759,neutral
14775,neutral
14786,sad
14789,fear
14792,happy
14798,surprise
14821,sad
14831,sad
14835,sad
14836,sad
14859,neutral
14867,neutral
14869,fear
14870,neutral
14877,happy
14891,fear
14914,surprise
14927,happy
14929,neutral
14945,neutral
14954,neutral
14957,neutral
14958,angry
14965,happy
14968,surprise
14973,angry
14980,neutral
14987,sad
15001,fear
15007,neutral
15008,surprise
15012,happy
15013,fear
15034,surprise
15037,fear
15039,happy
15040,happy
15044,neutral
15047,surprise
15052,happy
15060,happy
15070,neutral
15074,fear
15077,happy
15078,neutral
15088,sad
15090,sad
15099,happy
15101,surprise
15102,neutral
15106,neutral
15110,fear
15120,neutral
15121,happy
15129,sad
15132,fear
15134,fear
15138,angry
15145,neutral
15147,happy
15167,sad
15168,neutral
15169,sad
15172,fear
15179,surprise
15181,happy
15190,happy
15191,sad
15192,angry
15193,neutral
15194,angry
15198,fear
15207,happy
15208,neutral
15210,neutral
15212,happy
15216,angry
15217,fear
15220,neutral
15221,fear
15222,neutral
15229,happy
15238,surprise
15244,surprise
15248,neutral
15257,happy
15260,happy
15263,surprise
15268,fear
15269,neutral
15271,happy
15279,sad
15280,sad
15289,fear
15292,happy
15293,neutral
15294,sad
15295,neutral
15310,happy
15323,happy
15331,sad
15333,neutral
15334,sad
15335,happy
15350,neutral
15354,surprise
15365,fear
15366,neutral
15373,happy
15378,surprise
15383,surprise
15387,neutral
15397,happy
15400,happy
15405,sad
15409,happy
15416,happy
15426,happy
15432,happy
15436,sad
15438,happy
15441,neutral
15443,happy
15445,neutral
15447,fear
15454,surprise
15455,happy
15459,neutral
15462,sad
15467,surprise
15468,neutral
15474,sad
15484,sad
15486,surprise
15487,surprise
15494,happy
15500,sad
15502,neutral
15503,fear
15518,happy
15520,happy
15523,happy
15524,surprise
15527,surprise
15529,fear
15533,surprise
15534,neutral
15535,sad
15536,neutral
15539,neutral
15544,fear
15562,angry
15565,happy
15568,happy
15570,happy
15578,sad
15580,neutral
15589,happy
15592,happy
15611,angry
15613,sad
15615,surprise
15616,happy
15621,happy
15622,angry
15628,surprise
15634,surprise
15635,happy
15637,angry
15638,fear
15642,sad
15644,neutral
15651,neutral
15654,surprise
15657,angry
15663,neutral
15668,fear
15677,happy
15678,angry
15686,neutral
15696,happy
15697,sad
15699,happy
15708,happy
15709,happy
15712,sad
15713,neutral
15715,surprise
15716,sad
15717,happy
15721,neutral
15725,fear
15758,happy
15767,happy
15771,angry
15778,fear
15788,surprise
15791,surprise
15795,sad
15802,happy
15820,fear
15821,neutral
15824,sad
15835,sad
15843,happy
15847,neutral
15848,sad
15854,happy
15859,angry
15867,neutral
15870,sad
15881,surprise
15885,sad
15890,happy
15897,sad
15904,sad
15909,sad
15910,happy
15919,angry
15921,fear
15922,fear
15929,sad
15932,sad
15941,angry
15944,neutral
15950,angry
15954,sad
15963,neutral
15966,surprise
15976,happy
15979,angry
15983,neutral
15984,happy
15999,happy
16003,sad
16010,sad
16019,fear
16021,happy
16033,neutral
16037,happy
16039,fear
16042,happy
16053,happy
16054,happy
16056,happy
16064,happy
16071,fear
16075,sad
16076,happy
16081,happy
16087,sad
16094,neutral
16101,neutral
16102,fear
16106,neutral
16108,happy
16110,angry
16113,fear
16120,happy
16121,angry
16125,sad
16133,surprise
16134,surprise
16141,happy
16143,happy
16151,happy
16169,sad
16172,surprise
16192,happy
16196,neutral
16198,happy
16208,fear
16222,fear
16226,sad
16229,surprise
16233,sad
16237,surprise
16238,happy
16257,sad
16264,angry
16275,happy
16277,happy
16280,surprise
16287,angry
16292,angry
16304,sad
16308,happy
16318,fear
16324,neutral
16329,neutral
16330,surprise
16338,neutral
16346,surprise
16350,happy
16363,neutral
16370,happy
16374,surprise
16375,happy
16380,angry
16387,angry
16388,neutral
16389,surprise
16395,sad
16396,fear
16405,fear
16406,angry
16407,sad
16410,angry
16413,fear
16415,neutral
16419,neutral
16423,happy
16428,fear
16429,sad
16440,surprise
16441,fear
16443,sad
16444,happy
16450,happy
16460,sad
16463,sad
16464,angry
16475,sad
16476,neutral
16478,happy
16486,happy
16489,sad
16501,neutral
16503,sad
16506,sad
16507,happy
16508,neutral
16510,fear
16511,happy
16523,surprise
16530,surprise
16535,neutral
16539,sad
16550,happy
16557,sad
16558,happy
16559,sad
16562,happy
16565,neutral
16569,sad
16570,sad
16575,neutral
16583,happy
16588,happy
16596,happy
16604,happy
16609,sad
16611,happy
16619,happy
16632,angry
16633,happy
16643,sad
16645,happy
16646,fear
16649,happy
16659,fear
16666,fear
16667,happy
16674,surprise
16681,angry
16685,fear
16696,sad
16699,happy
16700,happy
16706,sad
16710,sad
16711,happy
16712,happy
16714,neutral
16718,angry
16721,surprise
16734,angry
16738,happy
16751,happy
16752,sad
16756,happy
16759,happy
16764,fear
16768,angry
16770,happy
16774,happy
16775,fear
16776,angry
16783,neutral
16787,neutral
16788,surprise
16792,angry
16795,happy
16798,neutral
16799,happy
16802,fear
16809,happy
16811,neutral
16817,neutral
16818,happy
16821,sad
16823,neutral
16829,happy
16830,fear
16837,surprise
16839,sad
16845,neutral
16860,neutral
16863,neutral
16875,angry
16886,surprise
16890,neutral
16895,sad
16901,neutral
16915,sad
16930,sad
16938,sad
16947,surprise
16952,happy
16954,neutral
16959,surprise
16962,neutral
16964,happy
16967,happy
16969,angry
16971,happy
16977,neutral
16980,surprise
16985,happy
16989,sad
16990,sad
16995,happy
16999,sad
17002,surprise
17003,neutral
17007,neutral
17010,fear
17011,sad
17015,neutral
17016,fear
17018,neutral
17019,surprise
17021,sad
17022,happy
17024,angry
17027,surprise
17028,neutral
17032,happy
17041,happy
17044,fear
17053,neutral
17085,neutral
17098,happy
17099,neutral
17100,neutral
17104,happy
17105,neutral
17107,happy
17114,fear
17117,happy
17128,neutral
17131,neutral
17137,surprise
17148,surprise
17157,neutral
17161,happy
17163,neutral
17167,angry
17170,neutral
17177,surprise
17180,fear
17186,angry
17188,happy
17191,fear
17194,happy
17205,surprise
17206,angry
17207,happy
17209,happy
17211,fear
17212,neutral
17213,fear
17215,angry
17217,surprise
17220,happy
17228,sad
17231,neutral
17236,fear
17237,sad
17245,fear
17248,happy
17251,happy
17257,sad
17259,neutral
17260,sad
17267,fear
17273,neutral
17275,sad
17276,neutral
17279,angry
17290,surprise
17293,sad
17295,neutral
17297,sad
17309,surprise
17314,fear
17316,sad
17318,fear
17319,happy
17331,neutral
17334,sad
17341,happy
17344,sad
17345,angry
17350,fear
17359,neutral
17363,sad
17367,neutral
17369,neutral
17371,neutral
17381,happy
17397,happy
17402,happy
17413,angry
17417,happy
17422,fear
17424,neutral
17426,fear
17428,happy
17429,neutral
17432,sad
17433,fear
17445,neutral
17447,happy
17449,angry
17452,neutral
17462,neutral
17470,fear
17479,fear
17484,happy
17485,happy
17494,happy
17498,happy
17502,angry
17503,angry
17506,happy
17518,fear
17524,happy
17536,angry
17538,neutral
17541,happy
17543,happy
17550,sad
17552,happy
17555,happy
17558,sad
17563,neutral
17582,neutral
17587,angry
17597,sad
17598,neutral
17607,neutral
17609,happy
17610,surprise
17624,happy
17625,sad
17631,angry
17647,angry
17654,happy
17662,neutral
17666,neutral
17668,angry
17678,sad
17682,happy
17684,happy
17685,fear
17692,happy
17693,surprise
17694,happy
17695,neutral
17698,happy
17700,angry
17702,happy
17705,angry
17707,sad
17710,fear
17713,sad
17715,happy
17717,angry
17730,neutral
17731,angry
17735,happy
17736,angry
17746,sad
17752,sad
17762,neutral
17763,neutral
17767,sad
17772,happy
17775,sad
17784,sad
17787,angry
17790,neutral
17794,neutral
17799,happy
17802,neutral
17815,neutral
17816,happy
17821,happy
17831,sad
17834,neutral
17837,neutral
17845,surprise
17886,neutral
17887,sad
17901,angry
17904,happy
17906,angry
17910,angry
17912,fear
17919,surprise
17930,surprise
17932,angry
17934,neutral
17936,happy
17939,angry
17952,surprise
17973,neutral
17980,fear
18001,neutral
18006,sad
18010,fear
18016,happy
18018,happy
18025,happy
18026,surprise
18033,happy
18035,neutral
18037,happy
18038,surprise
18047,sad
18050,neutral
18067,sad
18068,neutral
18073,surprise
18077,neutral
18080,happy
18082,happy
18101,fear
18104,sad
18106,angry
18108,surprise
18117,angry
18120,fear
18130,angry
18132,surprise
18140,happy
18142,fear
18148,fear
18161,surprise
18165,happy
18166,surprise
18168,angry
18173,happy
18180,neutral
18181,neutral
18183,angry
18193,neutral
18198,surprise
18200,angry
18203,happy
18205,happy
18208,neutral
18223,neutral
18226,happy
18237,happy
18245,happy
18247,angry
18249,sad
18250,happy
18254,sad
18256,happy
18259,surprise
18260,happy
18270,neutral
18281,neutral
18284,neutral
18285,surprise
18288,neutral
18291,neutral
18297,happy
18299,fear
18300,neutral
18301,sad
18308,happy
18309,surprise
18312,neutral
18313,surprise
18317,fear
18321,neutral
18325,angry
18336,neutral
18339,neutral
18345,angry
18349,sad
18361,neutral
18364,neutral
18367,neutral
18376,angry
18380,sad
18381,sad
18383,happy
18388,neutral
18389,neutral
18393,surprise
18404,happy
18405,happy
18415,angry
18424,neutral
18425,happy
18431,neutral
18436,neutral
18442,happy
18443,happy
18445,angry
18457,sad
18459,angry
18464,happy
18466,happy
18469,sad
18471,happy
18475,sad
18476,happy
18483,happy
18487,happy
18492,happy
18497,fear
18503,happy
18505,neutral
18513,happy
18517,happy
18521,surprise
18523,neutral
18527,fear
18531,happy
18534,neutral
18541,neutral
18542,fear
18545,neutral
18550,sad
18554,neutral
18555,surprise
18556,happy
18565,neutral
18566,neutral
18568,neutral
18569,angry
18573,neutral
18574,angry
18577,surprise
18578,happy
18588,angry
18593,angry
18602,angry
18610,sad
18613,surprise
18615,neutral
18617,happy
18619,surprise
18631,surprise
18633,angry
18641,angry
18655,happy
18658,neutral
18662,happy
18678,surprise
18687,fear
18695,fear
18700,neutral
18703,neutral
18706,surprise
18708,neutral
18713,sad
18715,angry
18716,neutral
18725,happy
18729,happy
18732,sad
18734,sad
18742,neutral
18753,sad
18757,fear
18763,neutral
18778,neutral
18779,sad
18783,happy
18791,neutral
18803,neutral
18810,fear
18822,happy
18825,neutral
18827,sad
18834,happy
18835,happy
18837,sad
18842,neutral
18849,happy
18855,fear
18861,happy
18862,surprise
18864,surprise
18872,sad
18873,happy
18882,angry
18885,happy
18888,happy
18897,neutral
18898,happy
18903,neutral
18904,surprise
18905,fear
18908,fear
18909,fear
18911,surprise
18914,sad
18926,angry
18927,sad
18930,happy
18944,happy
18948,happy
18949,neutral
18952,happy
18960,neutral
18962,happy
18973,happy
18974,angry
18976,sad
18983,sad
18984,fear
18986,sad
18994,angry
19000,fear
19008,happy
19009,happy
19012,happy
19014,happy
19020,surprise
19025,happy
19029,sad
19049,neutral
19051,surprise
19056,happy
19060,neutral
19062,happy
19063,happy
19064,fear
19067,sad
19074,happy
19082,happy
19084,sad
19089,fear
19093,sad
19095,sad
19105,happy
19108,angry
19114,neutral
19115,angry
19119,sad
19127,happy
19130,happy
19131,neutral
19132,happy
19137,happy
19140,angry
19142,happy
19145,neutral
19148,happy
19152,angry
19160,happy
19162,happy
19165,happy
19177,fear
19179,happy
19181,happy
19187,surprise
19188,sad
19204,neutral
19210,happy
19214,sad
19216,sad
19226,neutral
19234,neutral
19235,surprise
19245,happy
19252,sad
19259,sad
19263,happy
19267,surprise
19268,neutral
19269,happy
19274,neutral
19284,happy
19285,fear
19291,sad
19292,neutral
19303,happy
19309,neutral
19314,surprise
19317,happy
19318,happy
19323,happy
19329,neutral
19340,happy
19346,happy
19349,happy
19357,happy
19362,happy
19364,neutral
19370,happy
19373,neutral
19377,happy
19378,happy
19384,fear
19389,neutral
19390,sad
19392,fear
19398,happy
19402,happy
19411,neutral
19422,sad
19431,fear
19435,neutral
19438,happy
19449,happy
19454,neutral
19461,neutral
19470,fear
19473,angry
19476,happy
19477,fear
19478,happy
19485,fear
19486,sad
19492,happy
19495,surprise
19496,happy
19497,fear
19499,happy
19514,happy
19531,sad
19533,neutral
19535,happy
19536,happy
19548,fear
19549,happy
19559,angry
19568,happy
19571,neutral
19578,neutral
19581,neutral
19589,happy
19590,neutral
19591,sad
19594,surprise
19597,happy
19599,fear
19600,happy
19601,surprise
19605,sad
19607,sad
19609,neutral
19612,happy
19615,neutral
19643,neutral
19644,neutral
19649,sad
19650,surprise
19663,sad
19664,neutral
19665,surprise
19668,happy
19674,neutral
19680,happy
19682,sad
19696,happy
19700,happy
19709,happy
19711,sad
19720,happy
19731,fear
19732,fear
19734,neutral
19740,neutral
19744,happy
19747,happy
19748,happy
19754,sad
19755,surprise
19768,happy
19770,neutral
19785,sad
19793,happy
19795,surprise
19797,sad
19799,sad
19801,neutral
19803,sad
19810,sad
19811,angry
19829,neutral
19831,sad
19832,sad
19837,happy
19841,fear
19855,sad
19861,angry
19863,neutral
19864,neutral
19877,sad
19880,neutral
19883,happy
19888,fear
19889,happy
19893,sad
19896,angry
19897,neutral
19906,neutral
19918,happy
19923,angry
19934,neutral
19950,neutral
19953,happy
19957,happy
19958,happy
19961,happy
19962,happy
19968,happy
19969,neutral
19972,fear
19973,sad
19975,neutral
19983,neutral
19993,happy
19995,fear
20008,happy
20019,neutral
20023,happy
20025,happy
20028,neutral
20032,happy
20036,neutral
20037,surprise
20039,angry
20041,surprise
20048,happy
20058,sad
20062,fear
20072,happy
20073,sad
20083,fear
20091,happy
20104,sad
20111,happy
20120,happy
20122,happy
20135,sad
20140,happy
20146,surprise
20148,surprise
20150,neutral
20155,happy
20157,happy
20162,surprise
20165,happy
20167,surprise
20171,sad
20181,sad
20192,fear
20193,neutral
20194,angry
20196,happy
20208,happy
20213,happy
20214,sad
20216,happy
20217,sad
20218,happy
20222,fear
20223,angry
20227,neutral
20229,happy
20239,sad
20252,happy
20257,happy
20262,surprise
20265,fear
20267,happy
20272,neutral
20274,neutral
20285,happy
20287,surprise
20289,neutral
20290,angry
20293,surprise
20296,sad
20298,surprise
20301,neutral
20303,sad
20312,neutral
20313,neutral
20318,happy
20328,happy
20337,neutral
20353,angry
20355,happy
20360,neutral
20365,happy
20369,surprise
20371,fear
20372,angry
20373,surprise
20374,sad
20377,happy
20387,surprise
20395,sad
20400,sad
20407,surprise
20411,sad
20412,happy
20416,neutral
20424,angry
20430,happy
20432,neutral
20445,happy
20450,surprise
20451,neutral
20461,fear
20467,surprise
20468,neutral
20469,neutral
20476,angry
20490,happy
20495,sad
20500,happy
20505,neutral
20507,happy
20508,sad
20511,neutral
20514,happy
20517,neutral
20519,happy
20526,happy
20532,fear
20547,happy
20549,sad
20560,sad
20561,happy
20563,sad
20567,happy
20573,angry
20579,fear
20580,happy
20584,fear
20588,sad
20589,neutral
20594,happy
20595,happy
20598,angry
20603,surprise
20616,happy
20617,neutral
20621,neutral
20629,angry
20630,surprise
20635,angry
20640,neutral
20650,sad
20653,sad
20656,sad
20664,neutral
20665,neutral
20666,happy
20667,angry
20670,neutral
20673,neutral
20675,neutral
20680,sad
20684,happy
20685,happy
20686,angry
20691,surprise
20715,neutral
20736,angry
20737,fear
20739,neutral
20745,happy
20750,sad
20761,neutral
20786,surprise
20796,angry
20814,neutral
20817,happy
20821,happy
20829,happy
20831,neutral
20833,neutral
20843,fear
20849,neutral
20850,happy
20851,sad
20855,surprise
20856,neutral
20857,happy
20865,happy
20866,happy
20875,neutral
20882,surprise
20889,happy
20892,fear
20893,angry
20897,sad
20908,neutral
20918,happy
20933,neutral
20935,surprise
20941,happy
20945,happy
20947,happy
20948,neutral
20949,happy
20958,happy
20964,sad
20967,fear
20970,neutral
20972,angry
20979,happy
20984,happy
20988,happy
20989,surprise
20994,neutral
21005,sad
21006,happy
21025,sad
21027,happy
21029,angry
21030,sad
21033,happy
21036,fear
21044,fear
21068,angry
21070,angry
21072,surprise
21074,surprise
21077,angry
21078,sad
21082,sad
21092,neutral
21097,happy
21098,happy
21099,sad
21101,angry
21102,surprise
21104,neutral
21111,happy
21120,happy
21131,sad
21135,neutral
21143,happy
21148,surprise
21150,neutral
21151,neutral
21153,happy
21154,surprise
21161,happy
21166,neutral
21167,neutral
21173,angry
21177,happy
21185,happy
21199,sad
21200,happy
21201,neutral
21210,neutral
21217,surprise
21221,sad
21227,fear
21230,sad
21233,happy
21235,neutral
21239,surprise
21249,sad
21250,happy
21265,fear
21269,happy
21275,happy
21280,surprise
21282,neutral
21284,neutral
21292,happy
21299,surprise
21305,happy
21311,neutral
21312,neutral
21314,angry
21316,happy
21324,sad
21337,neutral
21348,happy
21351,neutral
21352,sad
21360,sad
21371,sad
21374,happy
21376,happy
21377,neutral
21384,happy
21386,sad
21387,sad
21393,sad
21394,happy
21404,happy
21417,surprise
21420,neutral
21428,sad
21434,fear
21439,fear
21441,happy
21447,angry
21451,neutral
21455,fear
21460,happy
21461,surprise
21464,sad
21468,surprise
21470,fear
21472,angry
21473,happy
21475,neutral
21483,angry
21499,fear
21500,sad
21501,happy
21511,angry
21512,angry
21520,surprise
21524,happy
21531,sad
21535,surprise
21538,neutral
21541,sad
21545,surprise
21549,neutral
21556,fear
21557,neutral
21559,fear
21570,surprise
21573,sad
21574,happy
21578,surprise
21587,surprise
21589,neutral
21593,happy
21598,surprise
21602,happy
21605,happy
21615,neutral
21618,happy
21632,neutral
21638,happy
21654,fear
21658,neutral
21663,neutral
21666,sad
21670,sad
21681,sad
21686,angry
21695,happy
21697,happy
21699,happy
21703,angry
21708,happy
21715,angry
21720,happy
21723,sad
21730,neutral
21744,neutral
21750,happy
21752,fear
21765,disgust
21766,sad
21769,surprise
21778,sad
21782,angry
21783,neutral
21787,happy
21794,neutral
21807,surprise
21812,neutral
21817,happy
21822,neutral
21824,neutral
21825,neutral
21833,surprise
21834,surprise
21835,happy
21836,angry
21846,happy
21851,angry
21852,neutral
21858,neutral
21862,neutral
21865,angry
21876,happy
21877,fear
21880,neutral
21887,happy
21896,fear
21899,happy
21906,surprise
21916,angry
21921,sad
21922,happy
21927,happy
21942,fear
21943,happy
21946,angry
21961,happy
21962,neutral
21967,fear
21968,neutral
21971,neutral
21973,surprise
21978,sad
21987,surprise
21988,sad
21990,neutral
22004,fear
22019,angry
22023,happy
22025,surprise
22028,neutral
22032,happy
22050,surprise
22051,neutral
22056,neutral
22064,happy
22067,neutral
22074,surprise
22080,happy
22088,neutral
22089,angry
22091,happy
22095,happy
22097,happy
22102,sad
22111,neutral
22117,sad
22123,neutral
22128,surprise
22130,fear
22131,surprise
22138,happy
22140,happy
22150,happy
22154,happy
22166,surprise
22178,angry
22179,happy
22183,fear
22184,angry
22191,happy
22194,happy
22198,neutral
22201,happy
22241,fear
22247,happy
22255,sad
22267,neutral
22271,happy
22278,surprise
22289,sad
22290,happy
22292,neutral
22301,neutral
22305,surprise
22309,sad
22319,sad
22320,happy
22322,surprise
22325,neutral
22326,surprise
22334,sad
22335,sad
22336,neutral
22340,happy
22346,happy
22347,happy
22349,neutral
22351,happy
22354,sad
22357,fear
22372,surprise
22375,sad
22380,happy
22388,happy
22390,sad
22395,happy
22403,fear
22410,neutral
22416,neutral
22419,surprise
22424,happy
22442,neutral
22448,angry
22449,happy
22452,sad
22457,neutral
22458,angry
22459,happy
22466,happy
22482,neutral
22485,sad
22497,surprise
22506,happy
22508,sad
22509,angry
22516,angry
22517,happy
22520,surprise
22521,angry
22525,surprise
22532,happy
22545,happy
22560,happy
22571,angry
22574,happy
22576,neutral
22587,neutral
22600,happy
22602,neutral
22604,happy
22607,neutral
22612,happy
22614,happy
22617,neutral
22619,happy
22627,neutral
22631,neutral
22640,sad
22651,happy
22655,neutral
22662,fear
22666,surprise
22671,happy
22679,happy
22688,neutral
22690,neutral
22691,happy
22695,angry
22704,neutral
22711,happy
22720,neutral
22733,angry
22739,happy
22741,sad
22750,happy
22754,sad
22756,neutral
22761,angry
22763,happy
22765,happy
22766,neutral
22771,surprise
22774,neutral
22778,happy
22784,happy
22787,neutral
22789,neutral
22791,fear
22804,happy
22805,happy
22807,neutral
22808,neutral
22810,angry
22816,neutral
22820,neutral
22827,fear
22832,happy
22834,happy
22839,fear
22840,surprise
22863,neutral
22864,sad
22867,neutral
22886,neutral
22894,happy
22900,happy
22910,happy
22916,fear
22917,neutral
22921,surprise
22924,neutral
22935,happy
22937,neutral
22944,happy
22961,sad
22974,sad
22977,neutral
22987,angry
22988,angry
22989,sad
22990,angry
22991,happy
22992,neutral
22997,happy
23008,happy
23012,neutral
23028,fear
23038,angry
23039,neutral
23041,neutral
23053,surprise
23054,angry
23057,neutral
23059,sad
23060,sad
23083,neutral
23085,sad
23096,happy
23100,surprise
23101,happy
23103,neutral
23114,happy
23119,neutral
23122,happy
23126,fear
23141,happy
23142,happy
23151,fear
23153,sad
23155,fear
23164,neutral
23167,neutral
23170,happy
23172,fear
23184,fear
23186,neutral
23192,sad
23194,angry
23204,neutral
23209,surprise
23215,neutral
23216,happy
23220,neutral
23224,happy
23230,happy
23238,happy
23244,happy
23246,angry
23260,fear
23272,happy
23291,neutral
23293,sad
23297,sad
23304,happy
23305,surprise
23319,happy
23320,sad
23321,happy
23327,angry
23328,surprise
23332,neutral
23334,happy
23341,sad
23343,neutral
23346,surprise
23348,angry
23362,fear
23368,fear
23374,sad
23377,happy
23380,happy
23381,happy
23386,neutral
23389,sad
23396,neutral
23403,fear
23404,neutral
23407,angry
23413,happy
23419,happy
23427,neutral
23430,sad
23433,fear
23440,happy
23447,neutral
23452,sad
23453,happy
23457,neutral
23462,sad
23463,sad
23468,happy
23470,happy
23471,angry
23473,happy
23477,sad
23483,neutral
23487,neutral
23488,angry
23501,happy
23507,neutral
23517,fear
23521,neutral
23525,happy
23532,angry
23540,surprise
23542,happy
23549,sad
23555,happy
23559,happy
23561,fear
23562,happy
23565,neutral
23566,fear
23572,happy
23584,happy
23590,happy
23601,neutral
23609,neutral
23612,happy
23621,happy
23623,sad
23634,neutral
23654,sad
23658,sad
23661,surprise
23662,surprise
23664,happy
23665,angry
23666,neutral
23667,happy
23675,happy
23691,neutral
23700,angry
23715,happy
23718,surprise
23722,neutral
23725,neutral
23731,sad
23739,fear
23741,happy
23747,surprise
23748,sad
23749,neutral
23751,surprise
23760,sad
23764,neutral
23767,fear
23770,happy
23778,sad
23779,sad
23780,sad
23781,sad
23783,angry
23786,sad
23791,fear
23792,neutral
23794,neutral
23801,happy
23813,happy
23814,angry
23817,fear
23829,angry
23832,neutral
23847,neutral
23848,happy
23853,sad
23858,neutral
23862,happy
23865,neutral
23866,happy
23869,fear
23876,sad
23884,angry
23885,fear
23886,happy
23891,happy
23893,surprise
23897,happy
23901,sad
23905,neutral
23915,happy
23917,happy
23920,happy
23929,neutral
23933,happy
23941,surprise
23943,neutral
23945,sad
23946,happy
23948,neutral
23949,surprise
23965,sad
23968,sad
23978,angry
23991,fear
24003,angry
24013,sad
24016,neutral
24022,neutral
24027,happy
24031,neutral
24035,neutral
24046,surprise
24050,surprise
24051,neutral
24054,neutral
24055,happy
24057,angry
24065,neutral
24066,sad
24067,happy
24071,happy
24077,sad
24079,happy
24087,sad
24088,fear
24089,neutral
24099,happy
24101,neutral
24104,neutral
24105,neutral
24123,happy
24131,neutral
24133,fear
24137,happy
24143,neutral
24148,happy
24156,neutral
24160,sad
24161,happy
24163,surprise
24165,fear
24167,surprise
24168,sad
24173,sad
24174,surprise
24175,neutral
24176,fear
24179,surprise
24182,happy
24183,neutral
24184,angry
24185,happy
24187,neutral
24189,happy
24200,happy
24201,happy
24211,happy
24213,fear
24217,fear
24219,happy
24220,neutral
24224,happy
24232,neutral
24239,neutral
24241,happy
24247,sad
24252,sad
24259,surprise
24263,happy
24286,happy
24289,happy
24291,neutral
24292,happy
24297,happy
24299,happy
24329,neutral
24340,happy
24347,happy
24354,happy
24355,happy
24358,happy
24360,happy
24363,happy
24378,sad
24380,happy
24384,neutral
24390,happy
24391,happy
24393,happy
24395,happy
24404,fear
24410,happy
24411,surprise
24412,angry
24415,surprise
24420,sad
24421,sad
24428,angry
24432,surprise
24433,surprise
24435,happy
24437,sad
24441,happy
24443,neutral
24452,sad
24460,happy
24465,happy
24466,happy
24473,sad
24479,happy
24482,surprise
24490,neutral
24492,fear
24501,fear
24509,happy
24521,happy
24530,happy
24531,happy
24535,happy
24536,happy
24539,neutral
24542,sad
24543,fear
24545,sad
24554,angry
24557,surprise
24562,surprise
24570,happy
24573,neutral
24575,happy
24578,sad
24579,happy
24582,happy
24607,happy
24621,happy
24625,happy
24633,happy
24643,sad
24646,surprise
24652,happy
24656,happy
24660,fear
24664,sad
24668,surprise
24678,angry
24680,happy
24692,sad
24694,fear
24699,happy
24711,neutral
24718,happy
24721,fear
24725,happy
24731,fear
24736,sad
24747,angry
24753,fear
24756,happy
24763,fear
24764,happy
24768,neutral
24769,fear
24774,angry
24777,happy
24778,happy
24779,neutral
24783,happy
24785,neutral
24789,neutral
24797,angry
24798,happy
24815,angry
24819,sad
24820,happy
24821,neutral
24822,angry
24823,happy
24845,happy
24877,neutral
24880,angry
24881,sad
24884,sad
24886,fear
24893,happy
24904,happy
24906,happy
24909,neutral
24910,happy
24912,neutral
24916,sad
24921,surprise
24931,neutral
24942,happy
24946,happy
24948,surprise
24959,surprise
24962,neutral
24963,neutral
24964,sad
24967,fear
24978,sad
24991,sad
24992,angry
25006,happy
25007,happy
25010,surprise
25017,happy
25018,sad
25021,fear
25025,neutral
25028,happy
25036,surprise
25037,happy
25039,happy
25044,surprise
25045,fear
25046,fear
25048,angry
25055,happy
25058,happy
25061,angry
25074,angry
25078,neutral
25082,sad
25087,happy
25088,sad
25089,neutral
25099,happy
25101,fear
25107,surprise
25108,sad
25109,sad
25117,fear
25123,happy
25126,neutral
25131,sad
25133,sad
25143,surprise
25144,angry
25151,neutral
25162,surprise
25163,happy
25180,neutral
25186,happy
25188,surprise
25191,neutral
25199,happy
25202,sad
25209,angry
25211,neutral
25220,happy
25223,happy
25229,happy
25231,fear
25234,surprise
25240,fear
25242,sad
25247,sad
25250,sad
25255,neutral
25267,angry
25271,happy
25275,neutral
25280,surprise
25281,neutral
25287,fear
25295,neutral
25298,fear
25306,neutral
25318,neutral
25319,happy
25322,happy
25327,happy
25328,happy
25330,sad
25337,happy
25342,happy
25343,happy
25348,neutral
25351,sad
25356,fear
25359,neutral
25360,neutral
25372,angry
25379,sad
25381,sad
25383,angry
25390,surprise
25391,neutral
25396,happy
25397,surprise
25401,neutral
25402,surprise
25409,neutral
25410,angry
25412,sad
25414,happy
25416,surprise
25420,happy
25425,angry
25431,happy
25435,angry
25438,sad
25439,angry
25443,happy
25451,neutral
25454,sad
25472,happy
25481,neutral
25492,neutral
25496,neutral
25497,neutral
25507,neutral
25510,sad
25517,happy
25520,surprise
25528,angry
25529,sad
25533,happy
25537,neutral
25538,neutral
25539,surprise
25541,happy
25542,happy
25555,fear
25563,surprise
25570,surprise
25571,surprise
25573,neutral
25576,neutral
25577,sad
25578,happy
25582,sad
25590,sad
25593,happy
25597,sad
25602,happy
25604,happy
25605,fear
25610,surprise
25612,angry
25615,neutral
25621,fear
25627,happy
25632,angry
25635,happy
25636,neutral
25638,fear
25643,sad
25647,angry
25649,happy
25652,happy
25658,happy
25668,neutral
25674,surprise
25678,neutral
25681,neutral
25682,neutral
25685,neutral
25686,happy
25687,angry
25688,sad
25695,neutral
25701,sad
25705,happy
25709,fear
25710,fear
25714,happy
25719,happy
25720,happy
25723,neutral
25742,surprise
25743,neutral
25744,happy
25747,happy
25759,happy
25773,neutral
25775,happy
25778,happy
25781,surprise
25795,neutral
25797,neutral
25800,neutral
25808,sad
25809,happy
25810,neutral
25811,happy
25813,neutral
25818,sad
25819,neutral
25820,fear
25832,sad
25839,happy
25841,sad
25843,sad
25844,angry
25874,angry
25876,angry
25886,angry
25887,happy
25891,sad
25895,neutral
25902,happy
25906,happy
25914,sad
25915,fear
25919,neutral
25920,neutral
25927,fear
25937,happy
25944,angry
25949,happy
25959,surprise
25961,fear
25969,sad
25973,sad
25978,surprise
25979,neutral
25983,sad
25985,fear
25993,happy
25994,fear
26005,sad
26006,happy
26016,happy
26018,happy
26023,happy
26025,neutral
26032,happy
26034,happy
26038,angry
26040,neutral
26041,angry
26046,angry
26049,neutral
26056,sad
26059,fear
26067,neutral
26069,neutral
26076,surprise
26077,surprise
26079,neutral
26081,sad
26082,neutral
26087,neutral
26091,neutral
26097,sad
26098,happy
26101,surprise
26102,surprise
26107,neutral
26121,neutral
26124,angry
26131,neutral
26133,surprise
26134,neutral
26137,happy
26159,happy
26160,happy
26161,neutral
26163,happy
26169,happy
26175,sad
26177,angry
26181,happy
26185,angry
26187,happy
26190,neutral
26192,surprise
26198,sad
26200,happy
26209,neutral
26210,happy
26212,happy
26223,neutral
26224,happy
26227,neutral
26237,neutral
26243,fear
26248,happy
26249,neutral
26250,surprise
26264,fear
26267,angry
26269,happy
26270,sad
26275,happy
26283,sad
26292,neutral
26304,neutral
26313,happy
26318,neutral
26321,sad
26337,happy
26338,happy
26339,neutral
26344,angry
26346,happy
26355,neutral
26363,sad
26364,neutral
26368,happy
26370,happy
26377,fear
26378,fear
26385,happy
26394,happy
26397,happy
26398,sad
26402,sad
26404,neutral
26409,fear
26411,happy
26437,happy
26443,happy
26446,angry
26452,surprise
26453,neutral
26454,fear
26455,surprise
26456,happy
26459,happy
26462,neutral
26464,neutral
26468,happy
26469,surprise
26477,happy
26483,surprise
26484,sad
26487,surprise
26495,neutral
26500,happy
26501,sad
26511,happy
26539,angry
26543,happy
26556,surprise
26563,happy
26566,sad
26572,fear
26573,sad
26578,happy
26581,sad
26582,neutral
26586,sad
26597,happy
26600,neutral
26612,angry
26618,fear
26620,angry
26626,happy
26647,neutral
26654,neutral
26660,happy
26665,happy
26667,neutral
26670,happy
26675,sad
26676,happy
26682,angry
26683,sad
26702,sad
26703,happy
26708,surprise
26715,neutral
26720,happy
26725,neutral
26726,sad
26736,happy
26747,sad
26767,happy
26771,sad
26772,neutral
26775,happy
26789,sad
26800,happy
26819,happy
26825,surprise
26833,neutral
26834,neutral
26839,fear
26840,happy
26842,fear
26845,angry
26850,fear
26851,sad
26859,happy
26860,happy
26873,happy
26886,neutral
26888,happy
26891,happy
26892,happy
26895,neutral
26899,angry
26900,happy
26901,sad
26906,happy
26907,surprise
26909,happy
26910,surprise
26913,happy
26914,angry
26916,surprise
26919,angry
26927,angry
26928,angry
26935,happy
26944,surprise
26956,happy
26959,sad
26960,happy
26961,neutral
26963,happy
26967,happy
26970,sad
26973,fear
26978,happy
26980,fear
26981,happy
27005,sad
27006,angry
27016,angry
27022,angry
27025,happy
27027,neutral
27035,sad
27039,surprise
27048,happy
27051,happy
27052,sad
27054,happy
27070,sad
27077,happy
27094,sad
27098,fear
27103,angry
27105,neutral
27106,happy
27115,happy
27117,happy
27124,neutral
27125,surprise
27128,happy
27140,happy
27145,angry
27152,happy
27162,happy
27165,fear
27172,happy
27174,surprise
27187,happy
27190,happy
27193,surprise
27196,neutral
27197,happy
27204,neutral
27212,happy
27218,neutral
27227,happy
27229,happy
27240,surprise
27246,happy
27258,sad
27270,surprise
27273,fear
27277,happy
27284,neutral
27292,sad
27294,happy
27296,angry
27299,neutral
27300,fear
27305,sad
27306,neutral
27308,neutral
27321,surprise
27325,surprise
27326,happy
27328,surprise
27329,happy
27333,happy
27334,happy
27350,sad
27359,fear
27363,fear
27365,happy
27367,happy
27369,sad
27385,angry
27400,happy
27404,happy
27405,neutral
27407,happy
27410,neutral
27413,neutral
27426,happy
27446,happy
27450,neutral
27452,happy
27461,sad
27464,angry
27465,neutral
27471,neutral
27474,happy
27483,angry
27488,fear
27503,angry
27508,happy
27509,happy
27518,sad
27522,neutral
27533,neutral
27544,angry
27554,neutral
27561,sad
27562,neutral
27563,happy
27566,surprise
27575,happy
27576,sad
27577,surprise
27585,fear
27586,surprise
27588,sad
27591,happy
27594,angry
27597,neutral
27616,happy
27619,happy
27625,happy
27629,fear
27635,fear
27636,happy
27642,sad
27645,happy
27646,neutral
27647,neutral
27648,happy
27650,angry
27652,angry
27662,happy
27671,happy
27675,happy
27681,fear
27683,neutral
27692,neutral
27694,neutral
27696,surprise
27701,happy
27704,happy
27709,sad
27715,angry
27719,neutral
27726,neutral
27737,neutral
27744,neutral
27752,sad
27756,happy
27759,neutral
27764,neutral
27767,neutral
27770,neutral
27772,sad
27774,surprise
27776,happy
27777,happy
27779,happy
27788,neutral
27798,angry
27803,surprise
27806,sad
27810,neutral
27823,neutral
27828,happy
27846,fear
27854,happy
27864,neutral
27868,fear
27873,sad
27887,fear
27889,fear
27899,happy
27910,fear
27913,sad
27916,surprise
27919,neutral
27926,surprise
27928,happy
27931,happy
27932,happy
27933,surprise
27937,neutral
27940,happy
27944,neutral
27948,fear
27949,happy
27967,sad
27973,surprise
27979,surprise
27982,sad
27985,neutral
27993,sad
27995,happy
28005,happy
28007,happy
28014,fear
28015,neutral
28025,neutral
28040,happy
28046,neutral
28050,angry
28053,neutral
28058,angry
28062,neutral
28073,neutral
28076,surprise
28082,surprise
28084,angry
28091,sad
28100,happy
28101,neutral
28105,happy
28108,sad
28115,happy
28120,happy
28130,surprise
28137,angry
28138,happy
28140,sad
28143,sad
28144,neutral
28148,angry
28149,neutral
28153,surprise
28171,sad
28182,surprise
28189,neutral
28207,angry
28210,neutral
28219,happy
28230,sad
28235,sad
28236,neutral
28243,sad
28248,sad
28249,happy
28251,sad
28252,neutral
28256,happy
28264,happy
28267,happy
28269,happy
28272,fear
28273,happy
28278,happy
28282,happy
28287,surprise
28288,angry
28294,sad
28296,sad
28298,neutral
28300,angry
28308,angry
28328,surprise
28331,angry
28332,sad
28335,sad
28342,fear
28359,sad
28367,sad
28370,fear
28376,happy
28379,happy
28383,happy
28390,surprise
28396,sad
28401,angry
28415,happy
28417,fear
28421,surprise
28424,sad
28426,happy
28438,happy
28441,surprise
28448,surprise
28453,surprise
28465,sad
28471,neutral
28474,happy
28476,surprise
28478,neutral
28480,neutral
28482,surprise
28493,neutral
28498,neutral
28499,neutral
28501,surprise
28502,happy
28503,fear
28507,surprise
28509,sad
28515,fear
28517,happy
28522,happy
28525,surprise
28529,happy
28531,neutral
28535,happy
28539,sad
28543,neutral
28546,happy
28547,angry
28548,surprise
28549,neutral
28552,angry
28555,happy
28560,angry
28568,sad
28581,happy
28585,angry
28590,happy
28594,happy
28596,fear
28600,happy
28614,angry
28618,neutral
28620,neutral
28627,happy
28632,happy
28639,surprise
28642,happy
28653,surprise
28660,sad
28666,fear
28667,surprise
28676,happy
28681,neutral
28688,angry
28696,sad
28700,sad
28701,neutral
28704,surprise
28707,fear
28710,neutral
28720,angry
28723,neutral
28724,fear
28727,surprise
28729,sad
28731,neutral
28734,neutral
28737,surprise
28743,neutral
28749,angry
28769,neutral
28772,surprise
28782,happy
28794,sad
28797,surprise
28800,surprise
28803,angry
28807,happy
28814,happy
28836,angry
28840,neutral
28842,neutral
28846,happy
28854,sad
28859,happy
28864,surprise
28867,angry
28871,happy
28884,neutral
28895,neutral
28897,angry
28901,surprise
28928,happy
28932,sad
28934,happy
28938,happy
28949,happy
28951,neutral
28952,angry
28954,happy
28955,happy
28962,fear
28963,happy
28966,sad
28982,happy
28987,angry
29003,happy
29005,sad
29009,sad
29019,happy
29020,angry
29026,happy
29027,fear
29038,sad
29043,angry
29058,sad
29067,happy
29068,angry
29071,happy
29074,happy
29082,sad
29085,sad
29099,fear
29110,surprise
29111,happy
29112,happy
29118,surprise
29119,angry
29121,neutral
29123,happy
29126,happy
29129,neutral
29132,happy
29150,angry
29152,sad
29158,neutral
29164,surprise
29185,happy
29194,fear
29202,happy
29205,surprise
29211,happy
29214,neutral
29216,neutral
29219,sad
29225,surprise
29226,sad
29243,angry
29246,happy
29248,sad
29256,sad
29258,happy
29266,angry
29269,fear
29276,surprise
29283,fear
29284,fear
29285,sad
29290,happy
29291,happy
29295,sad
29298,happy
29300,happy
29305,happy
29311,neutral
29315,fear
29318,sad
29319,sad
29322,sad
29324,neutral
29327,sad
29329,angry
29349,surprise
29354,angry
29365,happy
29370,happy
29379,sad
29383,neutral
29388,neutral
29389,angry
29398,happy
29403,happy
29414,sad
29415,happy
29423,neutral
29428,neutral
29438,happy
29456,happy
29460,happy
29464,happy
29467,happy
29471,neutral
29475,happy
29477,neutral
29478,neutral
29484,surprise
29493,angry
29500,neutral
29504,happy
29505,neutral
29515,surprise
29516,neutral
29523,angry
29525,neutral
29527,sad
29528,fear
29529,happy
29536,sad
29537,surprise
29540,surprise
29542,happy
29551,surprise
29553,sad
29554,neutral
29555,happy
29556,neutral
29557,happy
29559,neutral
29561,sad
29568,surprise
29571,angry
29578,happy
29580,happy
29581,angry
29585,sad
29588,angry
29589,happy
29603,fear
29608,fear
29609,angry
29614,happy
29617,sad
29618,surprise
29619,surprise
29622,angry
29627,sad
29628,sad
29629,neutral
29632,happy
29637,neutral
29645,happy
29647,happy
29648,happy
29649,happy
29652,neutral
29664,sad
29669,happy
29674,angry
29677,happy
29680,happy
29685,neutral
29690,surprise
29692,neutral
29694,sad
29697,happy
29699,neutral
29701,sad
29703,sad
29707,sad
29709,surprise
29713,sad
29720,fear
29724,happy
29730,angry
29731,neutral
29733,sad
29735,neutral
29738,neutral
29756,sad
29757,angry
29758,neutral
29766,sad
29769,happy
29773,happy
29792,happy
29794,neutral
29795,happy
29796,surprise
29797,surprise
29803,neutral
29818,angry
29819,angry
29821,happy
29834,happy
29835,sad
29840,happy
29844,fear
29848,sad
29866,happy
29869,sad
29871,sad
29875,angry
29884,happy
29889,happy
29892,neutral
29893,neutral
29897,neutral
29912,sad
29916,neutral
29919,happy
29921,sad
29924,sad
29929,neutral
29931,surprise
29936,sad
29937,happy
29941,neutral
29944,neutral
29947,neutral
29954,happy
29970,neutral
29973,sad
29977,angry
29979,happy
29980,fear
29981,angry
29987,happy
29990,sad
29991,happy
29998,neutral
30001,sad
30002,neutral
30004,neutral
30006,happy
30015,happy
30016,happy
30024,angry
30035,sad
30045,angry
30053,neutral
30056,sad
30058,neutral
30059,neutral
30062,neutral
30069,sad
30074,sad
30080,sad
30082,neutral
30085,sad
30094,surprise
30099,happy
30102,happy
30104,sad
30114,happy
30118,happy
30119,happy
30121,sad
30127,happy
30143,happy
30144,neutral
30164,happy
30167,angry
30170,happy
30171,happy
30173,fear
30174,happy
30181,neutral
30184,surprise
30188,happy
30190,surprise
30193,happy
30196,neutral
30197,sad
30206,neutral
30216,happy
30219,sad
30220,happy
30221,happy
30237,happy
30241,happy
30245,happy
30251,surprise
30253,sad
30260,neutral
30273,sad
30274,sad
30289,sad
30290,neutral
30292,sad
30297,neutral
30305,angry
30316,surprise
30320,neutral
30325,happy
30326,sad
30328,happy
30331,sad
30332,happy
30333,fear
30336,fear
30337,happy
30338,happy
30341,happy
30345,neutral
30346,neutral
30347,angry
30358,sad
30371,neutral
30374,neutral
30377,sad
30394,angry
30400,happy
30407,happy
30410,neutral
30415,neutral
30420,angry
30422,neutral
30424,happy
30428,sad
30439,sad
30440,neutral
30456,neutral
30458,sad
30460,sad
30462,angry
30478,happy
30482,happy
30490,neutral
30499,angry
30509,neutral
30530,sad
30535,happy
30537,surprise
30541,neutral
30543,happy
30546,sad
30552,happy
30563,neutral
30564,fear
30565,fear
30581,neutral
30584,surprise
30585,happy
30594,surprise
30601,angry
30611,sad
30619,happy
30620,surprise
30625,surprise
30628,surprise
30638,sad
30646,happy
30651,happy
30652,happy
30661,neutral
30675,happy
30683,happy
30689,happy
30704,happy
30713,neutral
30714,surprise
30719,happy
30726,surprise
30728,happy
30735,fear
30737,happy
30738,surprise
30749,happy
30761,sad
30763,neutral
30772,happy
30774,surprise
30779,happy
30786,sad
30789,sad
30793,neutral
30798,neutral
30808,neutral
30811,surprise
30817,sad
30818,neutral
30820,happy
30822,happy
30823,happy
30825,happy
30830,happy
30835,happy
30850,neutral
30851,happy
30853,sad
30855,happy
30856,happy
30867,sad
30871,happy
30893,surprise
30901,sad
30907,neutral
30909,sad
30933,sad
30936,neutral
30943,surprise
30944,happy
30948,happy
30951,happy
30961,happy
30962,happy
30965,happy
30976,neutral
30981,happy
30989,surprise
31005,surprise
31007,neutral
31009,neutral
31010,happy
31029,happy
31033,angry
31042,sad
31043,happy
31054,surprise
31056,happy
31057,neutral
31068,surprise
31072,happy
31080,happy
31081,neutral
31083,neutral
31097,fear
31099,sad
31101,happy
31102,surprise
31104,neutral
31105,angry
31107,happy
31112,happy
31113,happy
31116,fear
31123,sad
31130,happy
31132,sad
31137,happy
31138,happy
31139,neutral
31140,happy
31141,happy
31142,happy
31145,happy
31149,neutral
31157,happy
31159,surprise
31164,neutral
31188,fear
31189,neutral
31194,angry
31198,surprise
31203,neutral
31206,neutral
31209,happy
31223,surprise
31232,happy
31239,happy
31240,fear
31248,happy
31257,neutral
31263,neutral
31265,sad
31285,happy
31286,neutral
31295,happy
31307,neutral
31316,happy
31323,neutral
31328,sad
31330,fear
31332,sad
31341,neutral
31347,neutral
31353,surprise
31357,surprise
31364,neutral
31366,happy
31367,sad
31371,neutral
31373,neutral
31375,neutral
31384,happy
31390,neutral
31395,sad
31398,fear
31409,angry
31421,sad
31424,sad
31440,happy
31461,sad
31478,fear
31483,angry
31486,angry
31491,angry
31506,neutral
31510,neutral
31526,sad
31527,happy
31529,neutral
31533,surprise
31534,sad
31535,sad
31542,happy
31544,sad
31546,angry
31551,happy
31561,neutral
31563,surprise
31569,fear
31571,happy
31572,happy
31591,neutral
31609,happy
31625,happy
31627,happy
31629,happy
31631,happy
31634,happy
31635,fear
31638,sad
31643,happy
31653,sad
31655,sad
31659,happy
31662,surprise
31663,neutral
31665,happy
31669,surprise
31693,sad
31697,happy
31703,neutral
31712,neutral
31713,neutral
31720,sad
31738,sad
31742,happy
31752,happy
31774,neutral
31775,surprise
31781,fear
31782,fear
31784,surprise
31796,fear
31799,surprise
31806,happy
31811,happy
31814,surprise
31820,happy
31821,fear
31826,surprise
31828,angry
31833,happy
31836,sad
31849,surprise
31853,happy
31855,fear
31857,happy
31858,happy
31860,fear
31866,happy
31869,sad
31870,happy
31872,surprise
31873,angry
31882,surprise
31897,happy
31899,surprise
31903,fear
31908,happy
31916,fear
31928,happy
31929,surprise
31940,happy
31949,neutral
31952,happy
31953,fear
31954,fear
31961,surprise
31973,sad
31977,happy
31979,sad
31987,happy
31997,sad
32005,sad
32023,angry
32024,happy
32029,fear
32046,happy
32047,happy
32048,happy
32051,angry
32069,fear
32071,neutral
32076,neutral
32081,neutral
32097,fear
32103,happy
32132,surprise
32139,fear
32142,happy
32144,happy
32153,fear
32161,neutral
32165,fear
32175,sad
32177,happy
32179,surprise
32180,sad
32183,sad
32189,sad
32202,sad
32216,sad
32223,sad
32231,angry
32243,surprise
32248,happy
32268,neutral
32278,sad
32279,surprise
32281,neutral
32296,sad
32297,neutral
32298,angry
32308,happy
32315,surprise
32321,happy
32323,sad
32324,surprise
32330,neutral
32334,fear
32336,fear
32344,happy
32349,fear
32351,happy
32352,happy
32354,surprise
32355,sad
32360,happy
32365,surprise
32367,fear
32371,neutral
32372,happy
32377,happy
32382,happy
32383,happy
32388,happy
32391,neutral
32394,sad
32395,surprise
32402,happy
32405,surprise
32420,surprise
32422,fear
32432,surprise
32438,sad
32439,happy
32443,neutral
32445,neutral
32454,surprise
32461,neutral
32463,fear
32464,fear
32467,neutral
32473,fear
32479,neutral
32481,neutral
32485,fear
32487,fear
32506,happy
32507,fear
32508,neutral
32510,surprise
32512,angry
32516,neutral
32530,surprise
32541,happy
32544,happy
32547,neutral
32551,sad
32565,sad
32568,happy
32569,fear
32570,angry
32574,happy
32575,sad
32580,happy
32582,neutral
32584,neutral
32587,happy
32595,happy
32605,sad
32607,happy
32613,happy
32614,happy
32617,fear
32619,neutral
32623,angry
32624,surprise
32627,happy
32630,surprise
32636,happy
32642,fear
32662,happy
32671,neutral
32681,angry
32682,neutral
32683,happy
32684,happy
32688,angry
32692,sad
32695,sad
32696,surprise
32711,sad
32725,happy
32727,neutral
32730,neutral
32734,surprise
32744,sad
32753,surprise
32755,angry
32756,surprise
32758,angry
32763,happy
32766,sad
32768,sad
32769,happy
32773,happy
32777,angry
32778,neutral
32782,neutral
32792,neutral
32796,happy
32799,fear
32814,sad
32817,neutral
32818,fear
32826,happy
32829,sad
32835,happy
32836,sad
32837,happy
32838,happy
32843,sad
32849,happy
32855,neutral
32859,happy
32861,fear
32870,neutral
32876,sad
32879,happy
32889,angry
32894,fear
32898,happy
32903,neutral
32905,neutral
32911,fear
32913,happy
32914,neutral
32917,happy
32931,angry
32932,sad
32935,happy
32939,neutral
32940,surprise
32941,neutral
32946,fear
32950,happy
32952,happy
32953,happy
32958,angry
32965,happy
32968,neutral
32972,fear
32973,happy
32978,happy
32979,surprise
32982,neutral
32993,happy
32996,neutral
32997,happy
32998,happy
33005,happy
33007,happy
33013,happy
33015,sad
33016,sad
33017,happy
33022,neutral
33024,happy
33031,neutral
33039,fear
33046,happy
33049,neutral
33051,sad
33052,happy
33055,surprise
33065,happy
33066,sad
33071,neutral
33072,surprise
33079,fear
33084,happy
33089,sad
33091,happy
33094,happy
33097,fear
33100,neutral
33105,angry
33124,neutral
33131,angry
33144,happy
33147,surprise
33152,sad
33159,angry
33174,happy
33175,happy
33180,surprise
33182,neutral
33188,happy
33209,angry
33212,happy
33213,neutral
33215,fear
33216,happy
33219,sad
33221,angry
33227,fear
33228,happy
33231,happy
33240,happy
33243,happy
33247,happy
33255,neutral
33258,happy
33268,happy
33276,neutral
33283,happy
33284,angry
33290,surprise
33295,fear
33299,fear
33301,happy
33302,happy
33308,angry
33316,fear
33317,neutral
33319,happy
33320,happy
33322,happy
33326,surprise
33329,surprise
33331,happy
33343,happy
33346,happy
33352,angry
33357,happy
33358,angry
33364,surprise
33366,happy
33371,sad
33373,fear
33375,happy
33376,angry
33378,surprise
33381,happy
33390,happy
33399,sad
33405,fear
33407,happy
33410,angry
33411,surprise
33419,surprise
33421,neutral
33423,happy
33440,fear
33444,neutral
33450,angry
33452,neutral
33455,sad
33459,neutral
33460,happy
33463,happy
33468,sad
33471,neutral
33490,neutral
33492,sad
33494,neutral
33514,neutral
33516,neutral
33518,happy
33519,fear
33523,fear
33525,happy
33526,neutral
33530,happy
33533,happy
33535,neutral
33538,fear
33544,happy
33548,fear
33559,neutral
33560,happy
33561,angry
33564,happy
33573,neutral
33587,fear
33608,sad
33609,sad
33610,happy
33617,sad
33628,sad
33633,angry
33636,happy
33640,sad
33642,neutral
33644,surprise
33648,angry
33660,happy
33666,neutral
33667,surprise
33670,angry
33673,surprise
33674,neutral
33675,happy
33677,fear
33686,sad
33690,happy
33691,neutral
33693,fear
33699,neutral
33701,sad
33710,neutral
33718,sad
33727,happy
33729,neutral
33736,sad
33745,surprise
33747,fear
33757,happy
33759,neutral
33762,fear
33780,sad
33785,happy
33786,neutral
33789,neutral
33794,neutral
33800,sad
33802,happy
33806,sad
33807,neutral
33809,angry
33813,happy
33819,neutral
33820,sad
33829,neutral
33842,happy
33853,happy
33855,sad
33856,neutral
33858,neutral
33863,neutral
33865,neutral
33870,happy
33874,happy
33879,surprise
33880,neutral
33890,neutral
33894,neutral
33915,happy
33917,happy
33919,fear
33924,angry
33926,fear
33933,happy
33935,sad
33936,neutral
33938,happy
33940,fear
33962,sad
33965,angry
33977,happy
33981,happy
33987,sad
33988,sad
33993,surprise
33995,neutral
33997,fear
33998,angry
33999,happy
34004,angry
34015,happy
34022,angry
34024,fear
34034,surprise
34036,angry
34037,neutral
34039,surprise
34040,happy
34049,happy
34057,happy
34059,sad
34063,neutral
34070,happy
34072,surprise
34087,surprise
34088,fear
34093,neutral
34097,sad
34098,happy
34100,surprise
34102,happy
34117,neutral
34119,happy
34120,happy
34121,sad
34129,happy
34131,sad
34134,happy
34138,angry
34143,angry
34151,angry
34161,neutral
34162,surprise
34170,happy
34175,happy
34176,sad
34178,angry
34184,angry
34195,sad
34201,angry
34205,sad
34212,happy
34219,happy
34226,happy
34234,happy
34237,surprise
34238,angry
34242,neutral
34244,happy
34250,neutral
34252,neutral
34257,happy
34259,happy
34269,happy
34272,neutral
34277,sad
34279,happy
34288,fear
34295,neutral
34302,happy
34308,neutral
34316,happy
34324,neutral
34325,surprise
34335,neutral
34352,sad
34356,fear
34359,angry
34361,happy
34363,neutral
34375,happy
34382,sad
34385,surprise
34386,happy
34387,neutral
34396,happy
34397,happy
34400,surprise
34408,sad
34412,happy
34413,fear
34415,neutral
34416,happy
34427,angry
34432,sad
34435,happy
34437,happy
34439,fear
34448,sad
34462,fear
34464,happy
34465,angry
34468,happy
34471,fear
34474,neutral
34477,sad
34483,happy
34498,happy
34505,sad
34507,sad
34509,surprise
34510,happy
34513,sad
34519,happy
34522,happy
34526,neutral
34530,neutral
34533,neutral
34539,happy
34545,neutral
34546,fear
34555,sad
34557,surprise
34567,happy
34569,happy
34581,angry
34585,angry
34592,fear
34596,sad
34598,neutral
34599,happy
34600,happy
34605,sad
34610,angry
34612,neutral
34613,neutral
34620,fear
34629,sad
34633,angry
34644,happy
34645,happy
34649,happy
34656,fear
34659,fear
34664,surprise
34673,neutral
34674,surprise
34675,fear
34679,sad
34685,neutral
34688,happy
34694,angry
34714,angry
34720,happy
34722,fear
34724,happy
34730,happy
34737,happy
34753,happy
34755,surprise
34756,happy
34759,happy
34761,happy
34768,happy
34772,happy
34778,sad
34787,fear
34788,sad
34798,fear
34799,happy
34813,surprise
34820,angry
34827,sad
34829,happy
34836,happy
34840,happy
34841,happy
34844,surprise
34854,neutral
34861,happy
34870,fear
34875,neutral
34878,neutral
34879,surprise
34897,neutral
34904,surprise
34905,fear
34913,sad
34917,sad
34920,neutral
34926,surprise
34941,angry
34945,fear
34965,happy
34968,angry
34969,happy
34972,neutral
34978,fear
34979,neutral
34984,surprise
34985,neutral
34986,surprise
34988,sad
34991,angry
35009,angry
35010,sad
35022,fear
35028,sad
35030,surprise
35034,angry
35039,sad
35041,fear
35043,sad
35049,surprise
35058,sad
35059,angry
35063,surprise
35075,neutral
35083,surprise
35084,neutral
35101,happy
35108,neutral
35116,sad
35117,happy
35118,surprise
35120,fear
35121,neutral
35129,neutral
35131,sad
35142,happy
35144,surprise
35145,angry
35148,sad
35149,happy
35151,surprise
35153,happy
35154,surprise
35156,neutral
35162,neutral
35163,happy
35177,fear
35183,sad
35192,sad
35194,surprise
35199,happy
35200,happy
35201,surprise
35202,neutral
35207,surprise
35209,happy
35210,angry
35212,surprise
35214,neutral
35216,surprise
35226,neutral
35229,fear
35230,surprise
35237,surprise
35238,surprise
35241,neutral
35250,angry
35255,neutral
35257,sad
35261,happy
35267,neutral
35276,surprise
35279,neutral
35291,happy
35297,neutral
35298,happy
35318,fear
35321,fear
35322,neutral
35332,neutral
35334,sad
35341,sad
35346,happy
35355,fear
35356,neutral
35362,angry
35363,happy
35364,happy
35369,neutral
35370,happy
35372,happy
35375,sad
35376,angry
35384,surprise
35386,sad
35387,surprise
35394,neutral
35399,neutral
35400,neutral
35407,angry
35408,neutral
35410,sad
35411,fear
35425,angry
35427,fear
35439,fear
35447,sad
35453,fear
35454,happy
35481,happy
35484,neutral
35497,happy
35511,surprise
35514,angry
35520,neutral
35524,surprise
35528,neutral
35530,surprise
35536,happy
35541,fear
35546,neutral
35547,happy
35552,fear
35559,happy
35567,fear
35576,neutral
35580,disgust
35582,happy
35592,surprise
35598,happy
35603,happy
35605,surprise
35608,neutral
35615,fear
35628,neutral
35629,angry
35639,neutral
35644,happy
35657,neutral
35659,sad
35664,happy
35669,neutral
35677,happy
35681,angry
35682,fear
35684,surprise
35685,happy
35688,surprise
35691,sad
35697,fear
35698,happy
35704,neutral
35707,happy
35709,angry
35721,happy
35724,fear
35731,angry
35737,happy
35753,fear
35754,neutral
35755,neutral
35757,fear
35764,happy
35767,happy
35768,sad
35771,happy
35775,surprise
35787,happy
35790,surprise
35792,happy
35794,happy
35802,neutral
35804,happy
35805,angry
35809,angry
35812,sad
35820,sad
35823,neutral
35828,angry
35833,surprise
35850,happy
35851,neutral
35852,neutral
35856,happy
35857,surprise
35860,happy
35869,happy
35872,neutral
35873,neutral
35881,sad
35884,neutral
